source_index,category,attack_id,detected,token_exact_match,ber,runtime_ms
0,photo,ORIGINAL,True,True,0.0,31.72099600033107
0,photo,T01-copy,True,True,0.0,31.809397999950306
0,photo,T02-screenshot,True,True,0.0,51.1753900000258
0,photo,T03-crop-10,True,True,0.0,409.96400799986077
0,photo,T03-crop-20,True,True,0.0,546.6881719999037
0,photo,T03-resize-50,True,True,0.0,16.726424999887968
0,photo,T03-resize-75,True,True,0.0,18.603617000280792
0,photo,T03-rotate-3,True,True,0.0,601.8687380001211
0,photo,T04-jpeg-60,True,True,0.0,25.215081000169448
0,photo,T04-jpeg-75,True,True,0.0,54.01203399969745
0,photo,T04-jpeg-95,True,True,0.0,43.38927299977513
0,photo,T05-conversion,True,True,0.0,25.01446099995519
0,photo,TC-crop10-jpeg75,True,True,0.0,327.8298260001975
0,photo,TC-resize75-jpeg60,True,True,0.0,15.722694000032789
1,photo,ORIGINAL,True,True,0.0,66.96484300027805
1,photo,T01-copy,True,True,0.0,47.593157999926916
1,photo,T02-screenshot,True,True,0.0,70.96127099976002
1,photo,T03-crop-10,True,True,0.0,559.8526219996529
1,photo,T03-crop-20,True,True,0.0047169811320754715,606.6912080000293
1,photo,T03-resize-50,True,True,0.0,26.126099999601138
1,photo,T03-resize-75,True,True,0.0,33.36253899988151
1,photo,T03-rotate-3,True,True,0.0,640.4305179999028
1,photo,T04-jpeg-60,True,True,0.0,23.9876139999069
1,photo,T04-jpeg-75,True,True,0.0,20.9526039998309
1,photo,T04-jpeg-95,True,True,0.0,15.401585000290652
1,photo,T05-conversion,True,True,0.0,22.376376000011078
1,photo,TC-crop10-jpeg75,True,True,0.0,235.98298399974738
1,photo,TC-resize75-jpeg60,True,True,0.0,6.875154999761435
2,photo,ORIGINAL,True,True,0.0,100.12348200007182
2,photo,T01-copy,True,True,0.0,67.2658670000601
2,photo,T02-screenshot,True,True,0.0,101.56193500006339
2,photo,T03-crop-10,True,True,0.0,688.1623179997405
2,photo,T03-crop-20,True,True,0.0,548.0335740003284
2,photo,T03-resize-50,True,True,0.0,42.97969700019166
2,photo,T03-resize-75,True,True,0.0,48.130714999842894
2,photo,T03-rotate-3,True,True,0.0,465.84900900006687
2,photo,T04-jpeg-60,True,True,0.0,15.079560999765818
2,photo,T04-jpeg-75,True,True,0.0,37.80262100008258
2,photo,T04-jpeg-95,True,True,0.0,17.61382999984562
2,photo,T05-conversion,True,True,0.0,40.30502399973557
2,photo,TC-crop10-jpeg75,True,True,0.0,308.36056299995107
2,photo,TC-resize75-jpeg60,True,True,0.0,14.329862000067806
3,photo,ORIGINAL,True,True,0.0,47.81265300016457
3,photo,T01-copy,True,True,0.0,71.80979200029469
3,photo,T02-screenshot,True,True,0.0,191.30047999988165
3,photo,T03-crop-10,True,True,0.0,550.9250679997422
3,photo,T03-crop-20,True,True,0.0,335.61155100005635
3,photo,T03-resize-50,True,True,0.0,41.22448699990855
3,photo,T03-resize-75,True,True,0.0,111.70740200032014
3,photo,T03-rotate-3,True,True,0.0,450.74948100000256
3,photo,T04-jpeg-60,True,True,0.0,22.702406000007613
3,photo,T04-jpeg-75,True,True,0.0,11.847454999951879
3,photo,T04-jpeg-95,True,True,0.0,31.49077700027192
3,photo,T05-conversion,True,True,0.0,18.916109000201686
3,photo,TC-crop10-jpeg75,True,True,0.0,197.71208599968304
3,photo,TC-resize75-jpeg60,True,True,0.0,9.878200000002835
4,photo,ORIGINAL,True,True,0.0,79.79177300012452
4,photo,T01-copy,True,True,0.0,72.23243900034504
4,photo,T02-screenshot,True,True,0.0,98.32368799970936
4,photo,T03-crop-10,True,True,0.0,593.5675189998619
4,photo,T03-crop-20,True,True,0.0,501.4550480000253
4,photo,T03-resize-50,True,True,0.0,38.81970900010856
4,photo,T03-resize-75,True,True,0.0,32.89944500011188
4,photo,T03-rotate-3,True,True,0.0,424.39410799988764
4,photo,T04-jpeg-60,True,True,0.0,14.399664999928063
4,photo,T04-jpeg-75,True,True,0.0,30.504372999985208
4,photo,T04-jpeg-95,True,True,0.0,49.61236100007227
4,photo,T05-conversion,True,True,0.0,21.406028000001243
4,photo,TC-crop10-jpeg75,True,True,0.0,294.26219499964645
4,photo,TC-resize75-jpeg60,True,True,0.0,11.955093999858946
5,photo,ORIGINAL,True,True,0.0,22.7808559998266
5,photo,T01-copy,True,True,0.0,41.543789000115794
5,photo,T02-screenshot,True,True,0.0,39.98206599999321
5,photo,T03-crop-10,True,True,0.0,275.2593749996777
5,photo,T03-crop-20,True,True,0.0,286.7548839999472
5,photo,T03-resize-50,True,True,0.0,14.022833999661088
5,photo,T03-resize-75,True,True,0.0,15.44217699984074
5,photo,T03-rotate-3,True,True,0.0,377.8924010002811
5,photo,T04-jpeg-60,True,True,0.0,17.36244399990028
5,photo,T04-jpeg-75,True,True,0.0,33.59151099994051
5,photo,T04-jpeg-95,True,True,0.0,19.904769000277156
5,photo,T05-conversion,True,True,0.0,21.348317000047246
5,photo,TC-crop10-jpeg75,True,True,0.0,241.27612399979625
5,photo,TC-resize75-jpeg60,True,True,0.0,12.6170319999801
6,photo,ORIGINAL,True,True,0.0,120.80768800024089
6,photo,T01-copy,True,True,0.0,71.10378900006253
6,photo,T02-screenshot,True,True,0.0,95.16691699991497
6,photo,T03-crop-10,True,True,0.0,264.3492940001124
6,photo,T03-crop-20,True,True,0.0,313.51208600017344
6,photo,T03-resize-50,True,True,0.0,10.78705899999477
6,photo,T03-resize-75,True,True,0.0,17.38816199986104
6,photo,T03-rotate-3,True,True,0.0,377.1946870001557
6,photo,T04-jpeg-60,True,True,0.0,59.175047000280756
6,photo,T04-jpeg-75,True,True,0.0,24.46943899985854
6,photo,T04-jpeg-95,True,True,0.0,45.80008499988253
6,photo,T05-conversion,True,True,0.0,37.804108999807795
6,photo,TC-crop10-jpeg75,True,True,0.0,244.03835500015703
6,photo,TC-resize75-jpeg60,True,True,0.0,21.92960899992613
7,photo,ORIGINAL,True,True,0.0,25.051578999864432
7,photo,T01-copy,True,True,0.0,42.54159499987509
7,photo,T02-screenshot,True,True,0.0,40.14443300002313
7,photo,T03-crop-10,True,True,0.0,367.8648869999961
7,photo,T03-crop-20,True,True,0.0,476.4012860000548
7,photo,T03-resize-50,True,True,0.0,13.78957300039474
7,photo,T03-resize-75,True,True,0.0,19.171829000242724
7,photo,T03-rotate-3,True,True,0.0,583.6924440000075
7,photo,T04-jpeg-60,True,True,0.0,14.020306000020355
7,photo,T04-jpeg-75,True,True,0.0,15.09844600013821
7,photo,T04-jpeg-95,True,True,0.0,17.128287000105047
7,photo,T05-conversion,True,True,0.0,42.01219200012929
7,photo,TC-crop10-jpeg75,True,True,0.0,419.5569529997556
7,photo,TC-resize75-jpeg60,True,True,0.0,14.087989000017842
8,photo,ORIGINAL,True,True,0.0,67.42292200033262
8,photo,T01-copy,True,True,0.0,39.097715000025346
8,photo,T02-screenshot,True,True,0.0,83.18051700007345
8,photo,T03-crop-10,True,True,0.0,567.2448780001105
8,photo,T03-crop-20,True,True,0.0,612.791057999857
8,photo,T03-resize-50,True,True,0.0,47.41312800024389
8,photo,T03-resize-75,True,True,0.0,25.687187000130507
8,photo,T03-rotate-3,True,True,0.0,656.2117670000589
8,photo,T04-jpeg-60,True,True,0.0,30.115303000002314
8,photo,T04-jpeg-75,True,True,0.0,68.3736940000017
8,photo,T04-jpeg-95,True,True,0.0,66.09266899977229
8,photo,T05-conversion,True,True,0.0,40.0074490003135
8,photo,TC-crop10-jpeg75,True,True,0.0,506.97804399987945
8,photo,TC-resize75-jpeg60,True,True,0.0,26.349715000378637
9,photo,ORIGINAL,True,True,0.0,22.33861300010176
9,photo,T01-copy,True,True,0.0,40.90583000015613
9,photo,T02-screenshot,True,True,0.0,34.813633000339905
9,photo,T03-crop-10,True,True,0.0,405.50857099970017
9,photo,T03-crop-20,True,True,0.009433962264150943,585.7662600001277
9,photo,T03-resize-50,True,True,0.0,11.394788999950833
9,photo,T03-resize-75,True,True,0.0,18.34368599975278
9,photo,T03-rotate-3,True,True,0.0,758.0624780002836
9,photo,T04-jpeg-60,True,True,0.0,12.756374000218784
9,photo,T04-jpeg-75,True,True,0.0,14.333406999867293
9,photo,T04-jpeg-95,True,True,0.0,15.993239000181347
9,photo,T05-conversion,True,True,0.0,25.157126000067365
9,photo,TC-crop10-jpeg75,True,True,0.0,331.90439400004834
9,photo,TC-resize75-jpeg60,True,True,0.0,12.043799000366562
10,photo,ORIGINAL,True,True,0.0,57.57676400025957
10,photo,T01-copy,True,True,0.0,31.36316599966449
10,photo,T02-screenshot,True,True,0.0,66.76553999977841
10,photo,T03-crop-10,True,True,0.0,438.55988899986187
10,photo,T03-crop-20,True,True,0.0,518.9775260000715
10,photo,T03-resize-50,True,True,0.0,17.32531800007564
10,photo,T03-resize-75,True,True,0.0,41.31943999982468
10,photo,T03-rotate-3,True,True,0.0,630.0300560001233
10,photo,T04-jpeg-60,True,True,0.0,45.4134100000374
10,photo,T04-jpeg-75,True,True,0.0,16.63049199987654
10,photo,T04-jpeg-95,True,True,0.0,39.50644199994713
10,photo,T05-conversion,True,True,0.0,60.6944679998378
10,photo,TC-crop10-jpeg75,True,True,0.0,392.113542000061
10,photo,TC-resize75-jpeg60,True,True,0.0,15.957176000028994
11,photo,ORIGINAL,True,True,0.0,90.78024300015386
11,photo,T01-copy,True,True,0.0,49.82807599981243
11,photo,T02-screenshot,True,True,0.0,96.30446800019854
11,photo,T03-crop-10,True,True,0.0,514.8959739999555
11,photo,T03-crop-20,True,True,0.0,864.4447340002444
11,photo,T03-resize-50,True,True,0.0,23.016649000055622
11,photo,T03-resize-75,True,True,0.0,50.427433000095334
11,photo,T03-rotate-3,True,True,0.0,997.4166130000413
11,photo,T04-jpeg-60,True,True,0.0,49.10473700010698
11,photo,T04-jpeg-75,True,True,0.0,31.056634999913513
11,photo,T04-jpeg-95,True,True,0.0,46.3149379997958
11,photo,T05-conversion,True,True,0.0,40.07464500000424
11,photo,TC-crop10-jpeg75,True,True,0.0,576.885578999736
11,photo,TC-resize75-jpeg60,True,True,0.0,40.56407500002024
12,photo,ORIGINAL,True,True,0.0,78.76902899988636
12,photo,T01-copy,True,True,0.0,79.57346600005621
12,photo,T02-screenshot,True,True,0.0,146.33446399966488
12,photo,T03-crop-10,True,True,0.0,746.5494969997053
12,photo,T03-crop-20,True,True,0.0,621.5207459999874
12,photo,T03-resize-50,True,True,0.0,50.564928999847325
12,photo,T03-resize-75,True,True,0.0,63.18895300000804
12,photo,T03-rotate-3,True,True,0.0,606.4653389998966
12,photo,T04-jpeg-60,True,True,0.0,15.20953199997166
12,photo,T04-jpeg-75,True,True,0.0,16.107640999962314
12,photo,T04-jpeg-95,True,True,0.0,19.05504100022881
12,photo,T05-conversion,True,True,0.0,24.161430999811273
12,photo,TC-crop10-jpeg75,True,True,0.0,414.84258499986026
12,photo,TC-resize75-jpeg60,True,True,0.0,14.848730000267096
13,photo,ORIGINAL,True,True,0.0,61.4874019997842
13,photo,T01-copy,True,True,0.0,39.05570100005207
13,photo,T02-screenshot,True,True,0.0,85.64004000027126
13,photo,T03-crop-10,True,True,0.0,630.8879210000669
13,photo,T03-crop-20,True,True,0.0,615.5424659996243
13,photo,T03-resize-50,True,True,0.0,46.750358999815944
13,photo,T03-resize-75,True,True,0.0,29.89046899983805
13,photo,T03-rotate-3,True,True,0.0,683.1449969999994
13,photo,T04-jpeg-60,True,True,0.0,24.246088999916537
13,photo,T04-jpeg-75,True,True,0.0,24.806616000205395
13,photo,T04-jpeg-95,True,True,0.0,67.06248499995127
13,photo,T05-conversion,True,True,0.0,35.390656999879866
13,photo,TC-crop10-jpeg75,True,True,0.0,514.2996630002017
13,photo,TC-resize75-jpeg60,True,True,0.0,41.294670999832306
14,photo,ORIGINAL,True,True,0.0,70.82868199995573
14,photo,T01-copy,True,True,0.0,77.5578709999536
14,photo,T02-screenshot,True,True,0.0,138.37839899997562
14,photo,T03-crop-10,True,True,0.0,660.0143979999302
14,photo,T03-crop-20,True,True,0.009433962264150943,540.0468269999692
14,photo,T03-resize-50,True,True,0.0,26.09318800023175
14,photo,T03-resize-75,True,True,0.0,56.13094700038346
14,photo,T03-rotate-3,True,True,0.0,374.5720160000019
14,photo,T04-jpeg-60,True,True,0.0,22.606824999911623
14,photo,T04-jpeg-75,True,True,0.0,27.00511299963182
14,photo,T04-jpeg-95,True,True,0.0,10.743373000423162
14,photo,T05-conversion,True,True,0.0,41.03155800021341
14,photo,TC-crop10-jpeg75,True,True,0.0,182.28861199986568
14,photo,TC-resize75-jpeg60,True,True,0.0,7.710566999776347
15,photo,ORIGINAL,True,True,0.0,71.31033899986505
15,photo,T01-copy,True,True,0.0,59.71804399996472
15,photo,T02-screenshot,True,True,0.0,94.93013300016173
15,photo,T03-crop-10,True,True,0.0,638.385357000061
15,photo,T03-crop-20,True,True,0.0,676.9412379999267
15,photo,T03-resize-50,True,True,0.0,36.19550999974308
15,photo,T03-resize-75,True,True,0.0,72.17679699988366
15,photo,T03-rotate-3,True,True,0.0,935.3771809996942
15,photo,T04-jpeg-60,True,True,0.0,33.566609999979846
15,photo,T04-jpeg-75,True,True,0.0,51.7786629998227
15,photo,T04-jpeg-95,True,True,0.0,32.99430399965786
15,photo,T05-conversion,True,True,0.0,41.647284000191576
15,photo,TC-crop10-jpeg75,True,True,0.0,577.8333660000499
15,photo,TC-resize75-jpeg60,True,True,0.0,23.617006000222318
16,photo,ORIGINAL,True,True,0.0,85.63166499970976
16,photo,T01-copy,True,True,0.0,79.25271500016606
16,photo,T02-screenshot,True,True,0.0,96.00783899986709
16,photo,T03-crop-10,True,True,0.0,609.902776999661
16,photo,T03-crop-20,True,True,0.0,765.593803000229
16,photo,T03-resize-50,True,True,0.0,23.568692000026203
16,photo,T03-resize-75,True,True,0.0,54.41367100002026
16,photo,T03-rotate-3,True,True,0.0,1026.2922520000757
16,photo,T04-jpeg-60,True,True,0.0,25.165646000004926
16,photo,T04-jpeg-75,True,True,0.0,29.14681600032054
16,photo,T04-jpeg-95,True,True,0.0,32.014763000006496
16,photo,T05-conversion,True,True,0.0,53.921909000109736
16,photo,TC-crop10-jpeg75,True,True,0.0,596.0898360003739
16,photo,TC-resize75-jpeg60,True,True,0.0,23.30605800034391
17,photo,ORIGINAL,True,True,0.0,53.06896999991295
17,photo,T01-copy,True,True,0.0,64.9748810001256
17,photo,T02-screenshot,True,True,0.0,79.83655599991835
17,photo,T03-crop-10,True,True,0.0,757.4924290001945
17,photo,T03-crop-20,True,True,0.0,820.9581789997173
17,photo,T03-resize-50,True,True,0.0,25.916929000231903
17,photo,T03-resize-75,True,True,0.0,34.73467699996036
17,photo,T03-rotate-3,True,True,0.0,1045.347646999744
17,photo,T04-jpeg-60,True,True,0.0,15.204027999971004
17,photo,T04-jpeg-75,True,True,0.0,15.229336000174953
17,photo,T04-jpeg-95,True,True,0.0,18.200996999894414
17,photo,T05-conversion,True,True,0.0,23.183819000223593
17,photo,TC-crop10-jpeg75,True,True,0.0,502.0917860001646
17,photo,TC-resize75-jpeg60,True,True,0.0,15.131758999814338
18,photo,ORIGINAL,True,True,0.0,81.23676299965155
18,photo,T01-copy,True,True,0.0,61.10117399975934
18,photo,T02-screenshot,True,True,0.0,120.92219499982093
18,photo,T03-crop-10,True,True,0.0,878.1779210003151
18,photo,T03-crop-20,True,True,0.0,1007.9848129998936
18,photo,T03-resize-50,True,True,0.0,52.184048000071925
18,photo,T03-resize-75,True,True,0.0,50.65273599984721
18,photo,T03-rotate-3,True,True,0.0,911.7660229999274
18,photo,T04-jpeg-60,True,True,0.0,11.76895099979447
18,photo,T04-jpeg-75,True,True,0.0,12.058893000357784
18,photo,T04-jpeg-95,True,True,0.0,14.40644699960103
18,photo,T05-conversion,True,True,0.0,18.665521999992052
18,photo,TC-crop10-jpeg75,True,True,0.0,286.58061799978896
18,photo,TC-resize75-jpeg60,True,True,0.0,10.277049999785959
19,photo,ORIGINAL,True,True,0.0,76.02815400014151
19,photo,T01-copy,True,True,0.0,46.98785400023553
19,photo,T02-screenshot,True,True,0.0,117.40797999982533
19,photo,T03-crop-10,True,True,0.0,576.726287999918
19,photo,T03-crop-20,True,True,0.0047169811320754715,710.8835940002791
19,photo,T03-resize-50,True,True,0.0,20.550194999941596
19,photo,T03-resize-75,True,True,0.0,29.71182100009173
19,photo,T03-rotate-3,True,True,0.0,902.0478620000176
19,photo,T04-jpeg-60,True,True,0.0,30.895166999926005
19,photo,T04-jpeg-75,True,True,0.0,44.81145399995512
19,photo,T04-jpeg-95,True,True,0.0,42.37422500000321
19,photo,T05-conversion,True,True,0.0,57.05488300009165
19,photo,TC-crop10-jpeg75,True,True,0.0,552.3040250000122
19,photo,TC-resize75-jpeg60,True,True,0.0,46.50564200028384
20,infographic,ORIGINAL,True,True,0.0,31.58758499967007
20,infographic,T01-copy,True,True,0.0,27.140423000219016
20,infographic,T02-screenshot,True,True,0.0,53.207138999823655
20,infographic,T03-crop-10,True,True,0.0,315.19600699994044
20,infographic,T03-crop-20,True,True,0.0,436.11788400039586
20,infographic,T03-resize-50,True,True,0.0,16.972818999875017
20,infographic,T03-resize-75,True,True,0.0,18.856558999686968
20,infographic,T03-rotate-3,True,True,0.0,556.4143800002057
20,infographic,T04-jpeg-60,True,True,0.0,17.471626000315155
20,infographic,T04-jpeg-75,True,True,0.0,17.892069000026822
20,infographic,T04-jpeg-95,True,True,0.0,23.553878999791777
20,infographic,T05-conversion,True,True,0.0,50.410916000146244
20,infographic,TC-crop10-jpeg75,True,True,0.0,431.81179199973485
20,infographic,TC-resize75-jpeg60,True,True,0.0,16.21471799990104
21,infographic,ORIGINAL,True,True,0.014150943396226415,40.57610500012743
21,infographic,T01-copy,True,True,0.014150943396226415,64.2224799998985
21,infographic,T02-screenshot,False,False,0.09433962264150944,1059.072794000258
21,infographic,T03-crop-10,True,True,0.05188679245283019,150.15238900014083
21,infographic,T03-crop-20,False,False,0.05188679245283019,213.93084700002873
21,infographic,T03-resize-50,False,False,0.10849056603773585,892.4416079998991
21,infographic,T03-resize-75,False,False,0.09433962264150944,1231.1081950001608
21,infographic,T03-rotate-3,False,False,0.10377358490566038,280.6805839995832
21,infographic,T04-jpeg-60,False,False,0.14622641509433962,213.45275699968624
21,infographic,T04-jpeg-75,False,False,0.08490566037735849,368.0122979999396
21,infographic,T04-jpeg-95,True,True,0.02358490566037736,30.258672999934788
21,infographic,T05-conversion,False,False,0.06132075471698113,179.7523329996693
21,infographic,TC-crop10-jpeg75,False,False,0.12735849056603774,189.09726000038063
21,infographic,TC-resize75-jpeg60,False,False,0.24528301886792453,157.6481709998916
22,infographic,ORIGINAL,True,True,0.0,87.78783200023099
22,infographic,T01-copy,True,True,0.0,65.73064499980319
22,infographic,T02-screenshot,True,True,0.0,98.34908199991332
22,infographic,T03-crop-10,True,True,0.0,355.638794999777
22,infographic,T03-crop-20,True,True,0.0,465.3873030001705
22,infographic,T03-resize-50,True,True,0.0,54.753694999817526
22,infographic,T03-resize-75,True,True,0.0,36.60173500020392
22,infographic,T03-rotate-3,True,True,0.0,565.5110749999039
22,infographic,T04-jpeg-60,True,True,0.0,31.096003000129713
22,infographic,T04-jpeg-75,True,True,0.0,35.319820000040636
22,infographic,T04-jpeg-95,True,True,0.0,21.583644999736862
22,infographic,T05-conversion,True,True,0.0,64.53659699991476
22,infographic,TC-crop10-jpeg75,True,True,0.0,364.5339800000329
22,infographic,TC-resize75-jpeg60,True,True,0.0047169811320754715,14.445741000145063
23,infographic,ORIGINAL,True,True,0.0,78.21417800005293
23,infographic,T01-copy,True,True,0.0,78.3818249997239
23,infographic,T02-screenshot,True,True,0.0,118.8651879997451
23,infographic,T03-crop-10,True,True,0.0,739.3652020000445
23,infographic,T03-crop-20,True,True,0.0,701.8526440001551
23,infographic,T03-resize-50,True,True,0.0,36.627003000376135
23,infographic,T03-resize-75,True,True,0.0,72.78429699999833
23,infographic,T03-rotate-3,True,True,0.0,1114.6750730003987
23,infographic,T04-jpeg-60,True,True,0.0,39.28505800013227
23,infographic,T04-jpeg-75,True,True,0.0,92.42111699995803
23,infographic,T04-jpeg-95,True,True,0.0,69.07259199988403
23,infographic,T05-conversion,True,True,0.0,78.44647299998542
23,infographic,TC-crop10-jpeg75,True,True,0.0,351.24224499986667
23,infographic,TC-resize75-jpeg60,True,True,0.009433962264150943,25.00725899972167
24,infographic,ORIGINAL,True,True,0.0,76.5874859998803
24,infographic,T01-copy,True,True,0.0,85.68200399986381
24,infographic,T02-screenshot,True,True,0.0047169811320754715,190.88593500009665
24,infographic,T03-crop-10,True,True,0.0047169811320754715,742.5399019998622
24,infographic,T03-crop-20,True,True,0.018867924528301886,840.6509589999587
24,infographic,T03-resize-50,True,True,0.0,24.480960000346386
24,infographic,T03-resize-75,True,True,0.0,37.672116000067035
24,infographic,T03-rotate-3,True,True,0.0,815.4737770000793
24,infographic,T04-jpeg-60,True,True,0.0047169811320754715,32.51335000004474
24,infographic,T04-jpeg-75,True,True,0.0,15.040736000173638
24,infographic,T04-jpeg-95,True,True,0.0,68.46907299996019
24,infographic,T05-conversion,True,True,0.0,91.68540900009248
24,infographic,TC-crop10-jpeg75,True,True,0.014150943396226415,235.9266660000685
24,infographic,TC-resize75-jpeg60,True,True,0.018867924528301886,13.379009999880509
25,infographic,ORIGINAL,True,True,0.0,67.11510900004214
25,infographic,T01-copy,True,True,0.0,42.18254199986404
25,infographic,T02-screenshot,True,True,0.0047169811320754715,103.17865099978007
25,infographic,T03-crop-10,True,True,0.0,660.6371329999092
25,infographic,T03-crop-20,True,True,0.018867924528301886,865.5039949999264
25,infographic,T03-resize-50,True,True,0.014150943396226415,53.08854299983068
25,infographic,T03-resize-75,True,True,0.0,75.42477900005906
25,infographic,T03-rotate-3,True,True,0.014150943396226415,991.2684939999963
25,infographic,T04-jpeg-60,True,True,0.014150943396226415,47.717864000333066
25,infographic,T04-jpeg-75,True,True,0.0047169811320754715,32.14047900019068
25,infographic,T04-jpeg-95,True,True,0.0,63.41470400002436
25,infographic,T05-conversion,True,True,0.0,43.05195100005221
25,infographic,TC-crop10-jpeg75,True,True,0.009433962264150943,351.64685300014753
25,infographic,TC-resize75-jpeg60,True,True,0.018867924528301886,27.87292199991498
26,infographic,ORIGINAL,True,True,0.0,59.510585999760224
26,infographic,T01-copy,True,True,0.0,41.83667300003435
26,infographic,T02-screenshot,True,True,0.0,76.45556899979056
26,infographic,T03-crop-10,True,True,0.0,576.3243329997749
26,infographic,T03-crop-20,True,True,0.009433962264150943,805.171257999973
26,infographic,T03-resize-50,True,True,0.0,52.520340000228316
26,infographic,T03-resize-75,True,True,0.0,77.0075979999092
26,infographic,T03-rotate-3,True,True,0.0,928.920358999676
26,infographic,T04-jpeg-60,True,True,0.0,31.590575999871362
26,infographic,T04-jpeg-75,True,True,0.0,45.10821600024428
26,infographic,T04-jpeg-95,True,True,0.0,49.74974000015209
26,infographic,T05-conversion,True,True,0.0,64.23339899993152
26,infographic,TC-crop10-jpeg75,True,True,0.0,267.7077019998251
26,infographic,TC-resize75-jpeg60,True,True,0.0,24.594986000010977
27,infographic,ORIGINAL,True,True,0.0047169811320754715,70.08588799999416
27,infographic,T01-copy,True,True,0.0047169811320754715,52.364615999977104
27,infographic,T02-screenshot,True,True,0.009433962264150943,101.74397700029658
27,infographic,T03-crop-10,False,False,0.03773584905660377,1034.7041270001682
27,infographic,T03-crop-20,False,False,0.09433962264150944,924.4024879999415
27,infographic,T03-resize-50,True,True,0.009433962264150943,58.27378100002534
27,infographic,T03-resize-75,True,True,0.018867924528301886,50.574223000239726
27,infographic,T03-rotate-3,True,True,0.03773584905660377,847.318881999854
27,infographic,T04-jpeg-60,True,True,0.009433962264150943,26.315400999919802
27,infographic,T04-jpeg-75,True,True,0.0047169811320754715,63.7171989997114
27,infographic,T04-jpeg-95,True,True,0.0047169811320754715,80.36819500011916
27,infographic,T05-conversion,True,True,0.0,66.01316100022814
27,infographic,TC-crop10-jpeg75,False,False,0.0660377358490566,319.19614799971896
27,infographic,TC-resize75-jpeg60,False,False,0.10849056603773585,495.08024600027056
28,infographic,ORIGINAL,True,True,0.0,88.12872599992261
28,infographic,T01-copy,True,True,0.0,71.30800200002341
28,infographic,T02-screenshot,True,True,0.0,142.89975700012292
28,infographic,T03-crop-10,True,True,0.0,514.6283139997649
28,infographic,T03-crop-20,True,True,0.0,367.8483880003114
28,infographic,T03-resize-50,True,True,0.0,66.35033900010967
28,infographic,T03-resize-75,True,True,0.0,55.54270999982691
28,infographic,T03-rotate-3,True,True,0.0,677.5894620000145
28,infographic,T04-jpeg-60,True,True,0.0,12.050196000018332
28,infographic,T04-jpeg-75,True,True,0.0,12.641231000088737
28,infographic,T04-jpeg-95,True,True,0.0,14.231234000362747
28,infographic,T05-conversion,True,True,0.0,37.334438000016235
28,infographic,TC-crop10-jpeg75,True,True,0.009433962264150943,468.5564480000721
28,infographic,TC-resize75-jpeg60,True,True,0.0,10.233002000404667
29,infographic,ORIGINAL,True,True,0.0,51.51986000009856
29,infographic,T01-copy,True,True,0.0,39.17752200004543
29,infographic,T02-screenshot,True,True,0.0,64.71310200004154
29,infographic,T03-crop-10,True,True,0.0,326.234943000145
29,infographic,T03-crop-20,True,True,0.018867924528301886,394.49285500040787
29,infographic,T03-resize-50,True,True,0.0,16.169851000086055
29,infographic,T03-resize-75,True,True,0.0,39.81839800007947
29,infographic,T03-rotate-3,True,True,0.0,560.2678559998822
29,infographic,T04-jpeg-60,True,True,0.0,16.898872000183474
29,infographic,T04-jpeg-75,True,True,0.0,16.86194700005217
29,infographic,T04-jpeg-95,True,True,0.0,22.81414599974596
29,infographic,T05-conversion,True,True,0.0,32.84540399999969
29,infographic,TC-crop10-jpeg75,True,True,0.0,364.0379819998998
29,infographic,TC-resize75-jpeg60,True,True,0.0,15.863189999890892
30,infographic,ORIGINAL,True,True,0.0047169811320754715,39.92372799984878
30,infographic,T01-copy,True,True,0.0047169811320754715,15.067555999848992
30,infographic,T02-screenshot,False,False,0.05188679245283019,549.5755630004169
30,infographic,T03-crop-10,True,True,0.018867924528301886,594.4885330000034
30,infographic,T03-crop-20,False,False,0.10377358490566038,307.21693599980426
30,infographic,T03-resize-50,True,True,0.09905660377358491,44.28304200018829
30,infographic,T03-resize-75,True,True,0.0047169811320754715,15.704313999776787
30,infographic,T03-rotate-3,False,False,0.07547169811320754,355.67350799965425
30,infographic,T04-jpeg-60,True,True,0.08018867924528301,28.03542199990261
30,infographic,T04-jpeg-75,True,True,0.03773584905660377,9.447135999835155
30,infographic,T04-jpeg-95,True,True,0.0047169811320754715,11.01458899984209
30,infographic,T05-conversion,True,True,0.0047169811320754715,15.095847999873513
30,infographic,TC-crop10-jpeg75,False,False,0.08490566037735849,395.5527489997621
30,infographic,TC-resize75-jpeg60,True,True,0.03773584905660377,7.967975000156002
31,infographic,ORIGINAL,True,True,0.0,21.776219999992463
31,infographic,T01-copy,True,True,0.0,58.16145700009656
31,infographic,T02-screenshot,True,True,0.0,82.67326300028799
31,infographic,T03-crop-10,True,True,0.0,370.10829200016815
31,infographic,T03-crop-20,True,True,0.009433962264150943,456.8428619995757
31,infographic,T03-resize-50,True,True,0.0,12.640865999856032
31,infographic,T03-resize-75,True,True,0.0,34.48789399999441
31,infographic,T03-rotate-3,True,True,0.0,485.78570299969215
31,infographic,T04-jpeg-60,True,True,0.0,16.249674999926356
31,infographic,T04-jpeg-75,True,True,0.0,9.055161000105727
31,infographic,T04-jpeg-95,True,True,0.0,15.267298999788181
31,infographic,T05-conversion,True,True,0.0,21.94837800016103
31,infographic,TC-crop10-jpeg75,True,True,0.0047169811320754715,169.4621219999135
31,infographic,TC-resize75-jpeg60,True,True,0.0047169811320754715,12.506337000104395
32,infographic,ORIGINAL,True,True,0.0,25.716007000028185
32,infographic,T01-copy,True,True,0.0,50.07154399982028
32,infographic,T02-screenshot,True,True,0.0,41.43437399989125
32,infographic,T03-crop-10,True,True,0.0,431.20976399995925
32,infographic,T03-crop-20,True,True,0.0,436.72262000018236
32,infographic,T03-resize-50,True,True,0.0,13.308738999967318
32,infographic,T03-resize-75,True,True,0.0,20.07152699979997
32,infographic,T03-rotate-3,True,True,0.0,555.4387140000472
32,infographic,T04-jpeg-60,True,True,0.0,16.055133000008937
32,infographic,T04-jpeg-75,True,True,0.0,19.568858000184264
32,infographic,T04-jpeg-95,True,True,0.0,20.5686809999861
32,infographic,T05-conversion,True,True,0.0,24.72731300031228
32,infographic,TC-crop10-jpeg75,True,True,0.0,283.75133800000185
32,infographic,TC-resize75-jpeg60,True,True,0.0047169811320754715,14.600814000004902
33,infographic,ORIGINAL,True,True,0.0,52.20384500034925
33,infographic,T01-copy,True,True,0.0,28.604051000002073
33,infographic,T02-screenshot,True,True,0.0047169811320754715,71.27084000012474
33,infographic,T03-crop-10,True,True,0.0,389.29881300009583
33,infographic,T03-crop-20,True,True,0.018867924528301886,594.6017340002072
33,infographic,T03-resize-50,True,True,0.014150943396226415,20.20286800006943
33,infographic,T03-resize-75,True,True,0.0047169811320754715,21.428188000299997
33,infographic,T03-rotate-3,True,True,0.0330188679245283,669.2568019998362
33,infographic,T04-jpeg-60,True,True,0.02358490566037736,27.272633999928075
33,infographic,T04-jpeg-75,True,True,0.0047169811320754715,23.221387000376126
33,infographic,T04-jpeg-95,True,True,0.0,22.43676299985964
33,infographic,T05-conversion,True,True,0.0,65.24787099988316
33,infographic,TC-crop10-jpeg75,True,True,0.009433962264150943,189.5435669998733
33,infographic,TC-resize75-jpeg60,False,False,0.06132075471698113,463.62479100025666
34,infographic,ORIGINAL,True,True,0.009433962264150943,31.958793000285368
34,infographic,T01-copy,True,True,0.009433962264150943,23.02403100020456
34,infographic,T02-screenshot,True,True,0.009433962264150943,38.002410999979475
34,infographic,T03-crop-10,True,True,0.02830188679245283,398.3393389999037
34,infographic,T03-crop-20,False,False,0.08018867924528301,501.22397700033616
34,infographic,T03-resize-50,True,True,0.009433962264150943,11.583258999962709
34,infographic,T03-resize-75,True,True,0.009433962264150943,41.47385899977962
34,infographic,T03-rotate-3,True,True,0.018867924528301886,528.0938369996875
34,infographic,T04-jpeg-60,True,True,0.0047169811320754715,13.318496000010782
34,infographic,T04-jpeg-75,True,True,0.0,28.887220999877172
34,infographic,T04-jpeg-95,True,True,0.0,19.05428000009124
34,infographic,T05-conversion,True,True,0.0,22.803740999734146
34,infographic,TC-crop10-jpeg75,True,True,0.02830188679245283,255.39769200031515
34,infographic,TC-resize75-jpeg60,True,True,0.04716981132075472,13.471594999828085
35,infographic,ORIGINAL,True,True,0.0,15.659881999908976
35,infographic,T01-copy,True,True,0.0,15.323874999921827
35,infographic,T02-screenshot,True,True,0.0,24.861559999862948
35,infographic,T03-crop-10,True,True,0.0,208.738600000288
35,infographic,T03-crop-20,True,True,0.0047169811320754715,247.02400600017427
35,infographic,T03-resize-50,True,True,0.0,11.971366000125272
35,infographic,T03-resize-75,True,True,0.0,10.789602999921044
35,infographic,T03-rotate-3,True,True,0.0,307.60748700004115
35,infographic,T04-jpeg-60,True,True,0.0,9.418508000180736
35,infographic,T04-jpeg-75,True,True,0.0,28.688058000170713
35,infographic,T04-jpeg-95,True,True,0.0,10.798697999689466
35,infographic,T05-conversion,True,True,0.0,16.17723700019269
35,infographic,TC-crop10-jpeg75,True,True,0.0,218.77894900035244
35,infographic,TC-resize75-jpeg60,True,True,0.0,7.509122000101343
36,infographic,ORIGINAL,True,True,0.014150943396226415,20.362202000342222
36,infographic,T01-copy,True,True,0.014150943396226415,40.714771000239125
36,infographic,T02-screenshot,False,False,0.08962264150943396,585.4152510000858
36,infographic,T03-crop-10,True,True,0.06132075471698113,119.30736200019965
36,infographic,T03-crop-20,False,False,0.12264150943396226,402.03909299998486
36,infographic,T03-resize-50,False,False,0.08490566037735849,381.99340100027257
36,infographic,T03-resize-75,False,False,0.08018867924528301,408.7526049997905
36,infographic,T03-rotate-3,False,False,0.09905660377358491,241.37690699990344
36,infographic,T04-jpeg-60,False,False,0.13679245283018868,209.46802599974035
36,infographic,T04-jpeg-75,True,True,0.07075471698113207,17.0260159998179
36,infographic,T04-jpeg-95,True,True,0.02358490566037736,9.350543999971705
36,infographic,T05-conversion,True,True,0.04716981132075472,14.208130000042729
36,infographic,TC-crop10-jpeg75,False,False,0.14150943396226415,202.77122700008476
36,infographic,TC-resize75-jpeg60,False,False,0.27358490566037735,191.4401919998454
37,infographic,ORIGINAL,True,True,0.0,21.668247999969026
37,infographic,T01-copy,True,True,0.0,42.09694499968464
37,infographic,T02-screenshot,True,True,0.0,37.971811999796046
37,infographic,T03-crop-10,True,True,0.0,394.79752399984136
37,infographic,T03-crop-20,True,True,0.0,373.36502600010135
37,infographic,T03-resize-50,True,True,0.0,17.247517999749107
37,infographic,T03-resize-75,True,True,0.0,19.218291000015597
37,infographic,T03-rotate-3,True,True,0.0,496.7406369996752
37,infographic,T04-jpeg-60,True,True,0.0,18.774481000036758
37,infographic,T04-jpeg-75,True,True,0.0,14.958847999878344
37,infographic,T04-jpeg-95,True,True,0.0,14.867248999962612
37,infographic,T05-conversion,True,True,0.0,45.68638899991129
37,infographic,TC-crop10-jpeg75,True,True,0.0,284.0436330002376
37,infographic,TC-resize75-jpeg60,True,True,0.0047169811320754715,13.822560999869893
38,infographic,ORIGINAL,True,True,0.0,48.28932500004157
38,infographic,T01-copy,True,True,0.0,26.67375099963465
38,infographic,T02-screenshot,True,True,0.0,66.57275099996696
38,infographic,T03-crop-10,True,True,0.0,394.5092849999128
38,infographic,T03-crop-20,True,True,0.0,405.95834900022965
38,infographic,T03-resize-50,True,True,0.0,16.729279000173847
38,infographic,T03-resize-75,True,True,0.0,20.902423999814346
38,infographic,T03-rotate-3,True,True,0.0,408.92069100027584
38,infographic,T04-jpeg-60,True,True,0.0,12.07605900026465
38,infographic,T04-jpeg-75,True,True,0.0,12.07365399977789
38,infographic,T04-jpeg-95,True,True,0.0,14.325055999961478
38,infographic,T05-conversion,True,True,0.0,22.523064000324666
38,infographic,TC-crop10-jpeg75,True,True,0.0,255.64226100004817
38,infographic,TC-resize75-jpeg60,True,True,0.0,9.857338000074378
39,infographic,ORIGINAL,True,True,0.0,22.146276000057696
39,infographic,T01-copy,True,True,0.0,42.8132080000978
39,infographic,T02-screenshot,True,True,0.0,35.145272000136174
39,infographic,T03-crop-10,True,True,0.0047169811320754715,348.7175999998726
39,infographic,T03-crop-20,True,True,0.05188679245283019,422.955868000372
39,infographic,T03-resize-50,True,True,0.0,11.749124000289157
39,infographic,T03-resize-75,True,True,0.0,16.866597999978694
39,infographic,T03-rotate-3,True,True,0.0,438.8247510000838
39,infographic,T04-jpeg-60,True,True,0.0047169811320754715,13.728954000271187
39,infographic,T04-jpeg-75,True,True,0.0,13.727166000080615
39,infographic,T04-jpeg-95,True,True,0.0,18.746984000244993
39,infographic,T05-conversion,True,True,0.0,26.57125299992913
39,infographic,TC-crop10-jpeg75,True,True,0.0,305.1994260003994
39,infographic,TC-resize75-jpeg60,True,True,0.018867924528301886,24.385768999763968
40,text-card,ORIGINAL,True,True,0.0,20.350659000087035
40,text-card,T01-copy,True,True,0.0,24.457752999751392
40,text-card,T02-screenshot,True,True,0.0,55.95692299993971
40,text-card,T03-crop-10,True,True,0.0,301.73670499971195
40,text-card,T03-crop-20,True,True,0.0,412.0353369999066
40,text-card,T03-resize-50,True,True,0.0,30.688344999816763
40,text-card,T03-resize-75,True,True,0.0,14.742615999693953
40,text-card,T03-rotate-3,True,True,0.0,499.21051899991653
40,text-card,T04-jpeg-60,True,True,0.0,13.618495000173425
40,text-card,T04-jpeg-75,True,True,0.0,13.952266000160307
40,text-card,T04-jpeg-95,True,True,0.0,16.11760100013271
40,text-card,T05-conversion,True,True,0.0,30.966302000251744
40,text-card,TC-crop10-jpeg75,True,True,0.0,311.28138499980196
40,text-card,TC-resize75-jpeg60,True,True,0.0,50.498727999638504
41,text-card,ORIGINAL,True,True,0.0,13.729403999604983
41,text-card,T01-copy,True,True,0.0,12.061064999670634
41,text-card,T02-screenshot,True,True,0.0,21.248433999971894
41,text-card,T03-crop-10,True,True,0.0,172.70406499983437
41,text-card,T03-crop-20,True,True,0.0,226.75259100014955
41,text-card,T03-resize-50,True,True,0.0,7.099246000052517
41,text-card,T03-resize-75,True,True,0.0,9.65876699956425
41,text-card,T03-rotate-3,True,True,0.0,283.81302500019956
41,text-card,T04-jpeg-60,True,True,0.0,7.499900000311754
41,text-card,T04-jpeg-75,True,True,0.0,7.660166000277968
41,text-card,T04-jpeg-95,True,True,0.0,9.088712999982818
41,text-card,T05-conversion,True,True,0.0,12.850936999711848
41,text-card,TC-crop10-jpeg75,True,True,0.0,237.42426899980273
41,text-card,TC-resize75-jpeg60,True,True,0.0,7.263588999649073
42,text-card,ORIGINAL,True,True,0.0,22.870934999900783
42,text-card,T01-copy,True,True,0.0,21.962878000067576
42,text-card,T02-screenshot,True,True,0.0,56.534741000177746
42,text-card,T03-crop-10,True,True,0.0,340.3362809999635
42,text-card,T03-crop-20,True,True,0.0,405.3756759999487
42,text-card,T03-resize-50,True,True,0.0,30.331535999721382
42,text-card,T03-resize-75,True,True,0.0,63.97026000013284
42,text-card,T03-rotate-3,True,True,0.0,431.56139599977905
42,text-card,T04-jpeg-60,True,True,0.0,14.819707999777165
42,text-card,T04-jpeg-75,True,True,0.0,37.91536300013831
42,text-card,T04-jpeg-95,True,True,0.0,16.56208299982609
42,text-card,T05-conversion,True,True,0.0,55.051560000265454
42,text-card,TC-crop10-jpeg75,True,True,0.0,269.1107830000874
42,text-card,TC-resize75-jpeg60,True,True,0.0,24.954803000127868
43,text-card,ORIGINAL,True,True,0.0,27.512112999829696
43,text-card,T01-copy,True,True,0.0,52.92130400039241
43,text-card,T02-screenshot,True,True,0.0,111.01569899983588
43,text-card,T03-crop-10,True,True,0.0,441.8100620000587
43,text-card,T03-crop-20,True,True,0.0,393.427241000154
43,text-card,T03-resize-50,True,True,0.0,16.00026699998125
43,text-card,T03-resize-75,True,True,0.0,19.99181699966357
43,text-card,T03-rotate-3,True,True,0.0,419.5162250002795
43,text-card,T04-jpeg-60,True,True,0.0,39.293715999974665
43,text-card,T04-jpeg-75,True,True,0.0,23.781804000009288
43,text-card,T04-jpeg-95,True,True,0.0,50.45601500023622
43,text-card,T05-conversion,True,True,0.0,17.20895600010408
43,text-card,TC-crop10-jpeg75,True,True,0.0,293.9954910002598
43,text-card,TC-resize75-jpeg60,True,True,0.0,9.470034000059968
44,text-card,ORIGINAL,True,True,0.0,49.654935999569716
44,text-card,T01-copy,True,True,0.0,19.631502000265755
44,text-card,T02-screenshot,True,True,0.0,57.38452200012034
44,text-card,T03-crop-10,True,True,0.0,360.8724699997765
44,text-card,T03-crop-20,True,True,0.0047169811320754715,410.5399190002572
44,text-card,T03-resize-50,True,True,0.0,51.64068699968993
44,text-card,T03-resize-75,True,True,0.0,20.318166999913956
44,text-card,T03-rotate-3,True,True,0.0,359.4735579999906
44,text-card,T04-jpeg-60,True,True,0.0,8.870009000020218
44,text-card,T04-jpeg-75,True,True,0.0,8.190733999981603
44,text-card,T04-jpeg-95,True,True,0.0,14.563385000201379
44,text-card,T05-conversion,True,True,0.0,16.05857200001992
44,text-card,TC-crop10-jpeg75,True,True,0.0,309.7995139996783
44,text-card,TC-resize75-jpeg60,True,True,0.0,8.201394000025175
45,text-card,ORIGINAL,True,True,0.0,38.032805000057124
45,text-card,T01-copy,True,True,0.0,18.689146999804507
45,text-card,T02-screenshot,True,True,0.0,59.24666900000375
45,text-card,T03-crop-10,True,True,0.0,255.08400799981246
45,text-card,T03-crop-20,True,True,0.0,334.5112850001897
45,text-card,T03-resize-50,True,True,0.0,13.215240999670641
45,text-card,T03-resize-75,True,True,0.0,14.712713999870175
45,text-card,T03-rotate-3,True,True,0.0,503.24931199975254
45,text-card,T04-jpeg-60,True,True,0.0,25.29858299976695
45,text-card,T04-jpeg-75,True,True,0.0,28.036541999881592
45,text-card,T04-jpeg-95,True,True,0.0,18.550030999904266
45,text-card,T05-conversion,True,True,0.0,35.554845000206114
45,text-card,TC-crop10-jpeg75,True,True,0.0,347.8406280000854
45,text-card,TC-resize75-jpeg60,True,True,0.0,15.275864999694022
46,text-card,ORIGINAL,True,True,0.0,14.14990500006752
46,text-card,T01-copy,True,True,0.0,17.22317599978851
46,text-card,T02-screenshot,True,True,0.0,40.14013000005434
46,text-card,T03-crop-10,True,True,0.0,186.68277000006128
46,text-card,T03-crop-20,True,True,0.0,233.05120500026533
46,text-card,T03-resize-50,True,True,0.0,9.636281999974017
46,text-card,T03-resize-75,True,True,0.0,11.991145000138204
46,text-card,T03-rotate-3,True,True,0.0,286.816669000018
46,text-card,T04-jpeg-60,True,True,0.0,9.642162999625725
46,text-card,T04-jpeg-75,True,True,0.0,7.641520000106539
46,text-card,T04-jpeg-95,True,True,0.0,8.350661000349646
46,text-card,T05-conversion,True,True,0.0,31.514675999915198
46,text-card,TC-crop10-jpeg75,True,True,0.0,221.95328899988453
46,text-card,TC-resize75-jpeg60,True,True,0.0,6.910515000072337
47,text-card,ORIGINAL,True,True,0.0,22.677646999909484
47,text-card,T01-copy,True,True,0.0,31.48702799990133
47,text-card,T02-screenshot,True,True,0.0,40.192272999775014
47,text-card,T03-crop-10,True,True,0.0,395.6485599996995
47,text-card,T03-crop-20,True,True,0.0,168.61275299970657
47,text-card,T03-resize-50,True,True,0.0,12.683744999776536
47,text-card,T03-resize-75,True,True,0.0,40.46428099991317
47,text-card,T03-rotate-3,True,True,0.0,356.8381169998247
47,text-card,T04-jpeg-60,True,True,0.0,24.64310999994268
47,text-card,T04-jpeg-75,True,True,0.0,19.467403999897215
47,text-card,T04-jpeg-95,True,True,0.0,14.796329000091646
47,text-card,T05-conversion,True,True,0.0,31.6884840003695
47,text-card,TC-crop10-jpeg75,True,True,0.0,127.8642669999499
47,text-card,TC-resize75-jpeg60,True,True,0.0,20.31949499996699
48,text-card,ORIGINAL,True,True,0.0,45.25531699982821
48,text-card,T01-copy,True,True,0.0,23.38166099980299
48,text-card,T02-screenshot,True,True,0.0,85.54205299969908
48,text-card,T03-crop-10,True,True,0.0,333.41873999961535
48,text-card,T03-crop-20,True,True,0.0,438.43010099999447
48,text-card,T03-resize-50,True,True,0.0,32.4924970000211
48,text-card,T03-resize-75,True,True,0.0,51.033731999723386
48,text-card,T03-rotate-3,True,True,0.0,355.3827820001061
48,text-card,T04-jpeg-60,True,True,0.0,11.424604999774601
48,text-card,T04-jpeg-75,True,True,0.0,11.749903000236372
48,text-card,T04-jpeg-95,True,True,0.0,13.73297400004958
48,text-card,T05-conversion,True,True,0.0,18.026636999820767
48,text-card,TC-crop10-jpeg75,True,True,0.0,181.75471099993956
48,text-card,TC-resize75-jpeg60,True,True,0.0,9.512346000065008
49,text-card,ORIGINAL,True,True,0.0,41.04267799993977
49,text-card,T01-copy,True,True,0.0,19.39800899981492
49,text-card,T02-screenshot,True,True,0.0,65.14200499987055
49,text-card,T03-crop-10,True,True,0.0,281.745753999985
49,text-card,T03-crop-20,True,True,0.02830188679245283,446.8482629999926
49,text-card,T03-resize-50,True,True,0.0,12.154203000136476
49,text-card,T03-resize-75,True,True,0.0,15.974772999925335
49,text-card,T03-rotate-3,True,True,0.0,354.7819069999605
49,text-card,T04-jpeg-60,True,True,0.0,16.896585000267805
49,text-card,T04-jpeg-75,True,True,0.0,16.26983999994991
49,text-card,T04-jpeg-95,True,True,0.0,22.662440999738465
49,text-card,T05-conversion,True,True,0.0,14.247999000417622
49,text-card,TC-crop10-jpeg75,True,True,0.0,305.45915299990156
49,text-card,TC-resize75-jpeg60,True,True,0.0,7.135045000268292
50,text-card,ORIGINAL,True,True,0.0,20.160690000011527
50,text-card,T01-copy,True,True,0.0,23.12613699996291
50,text-card,T02-screenshot,True,True,0.0,97.7394749997984
50,text-card,T03-crop-10,True,True,0.0,269.7751440000502
50,text-card,T03-crop-20,True,True,0.0047169811320754715,384.6454540002924
50,text-card,T03-resize-50,True,True,0.0,13.168186999791942
50,text-card,T03-resize-75,True,True,0.0,14.10272300017823
50,text-card,T03-rotate-3,True,True,0.0,464.913814999818
50,text-card,T04-jpeg-60,True,True,0.0,14.143128000341676
50,text-card,T04-jpeg-75,True,True,0.0,14.463030000115396
50,text-card,T04-jpeg-95,True,True,0.0,15.772074999858887
50,text-card,T05-conversion,True,True,0.0,18.867208000301616
50,text-card,TC-crop10-jpeg75,True,True,0.0,306.3801779999267
50,text-card,TC-resize75-jpeg60,True,True,0.0,22.785295999710797
51,text-card,ORIGINAL,True,True,0.0,18.582221000087884
51,text-card,T01-copy,True,True,0.0,45.1489600000059
51,text-card,T02-screenshot,True,True,0.0,37.34473199983768
51,text-card,T03-crop-10,True,True,0.0,364.6529040001951
51,text-card,T03-crop-20,True,True,0.0,384.1241820000505
51,text-card,T03-resize-50,True,True,0.0,10.849389000213705
51,text-card,T03-resize-75,True,True,0.0,13.569566999649396
51,text-card,T03-rotate-3,True,True,0.0,412.2691570000825
51,text-card,T04-jpeg-60,True,True,0.0,12.279820000003383
51,text-card,T04-jpeg-75,True,True,0.0,11.852087000079337
51,text-card,T04-jpeg-95,True,True,0.0,12.85397199990257
51,text-card,T05-conversion,True,True,0.0,28.22577100005219
51,text-card,TC-crop10-jpeg75,True,True,0.0,242.40005499996187
51,text-card,TC-resize75-jpeg60,True,True,0.0,11.600616999658087
52,text-card,ORIGINAL,True,True,0.0,15.046529000301234
52,text-card,T01-copy,True,True,0.0,14.342981000027066
52,text-card,T02-screenshot,True,True,0.0,23.682769000060944
52,text-card,T03-crop-10,True,True,0.0,200.35358499990252
52,text-card,T03-crop-20,True,True,0.0,231.55205000011847
52,text-card,T03-resize-50,True,True,0.0,11.549804999958724
52,text-card,T03-resize-75,True,True,0.0,12.28615699983493
52,text-card,T03-rotate-3,True,True,0.0,307.28655900020385
52,text-card,T04-jpeg-60,True,True,0.0,8.822939999845403
52,text-card,T04-jpeg-75,True,True,0.0,9.321652999915386
52,text-card,T04-jpeg-95,True,True,0.0,29.497327999706613
52,text-card,T05-conversion,True,True,0.0,15.142280999953073
52,text-card,TC-crop10-jpeg75,True,True,0.0,200.82053200030714
52,text-card,TC-resize75-jpeg60,True,True,0.0,29.629883999859885
53,text-card,ORIGINAL,True,True,0.0,25.886397000249417
53,text-card,T01-copy,True,True,0.0,66.34940899994035
53,text-card,T02-screenshot,True,True,0.0,83.2354529998156
53,text-card,T03-crop-10,True,True,0.0,449.4072050001705
53,text-card,T03-crop-20,True,True,0.0,404.709780000303
53,text-card,T03-resize-50,True,True,0.0,15.890752999894175
53,text-card,T03-resize-75,True,True,0.0,59.421846000077494
53,text-card,T03-rotate-3,True,True,0.0,492.1262560001196
53,text-card,T04-jpeg-60,True,True,0.0,11.490285000036238
53,text-card,T04-jpeg-75,True,True,0.0,11.668720000216126
53,text-card,T04-jpeg-95,True,True,0.0,15.831832000003487
53,text-card,T05-conversion,True,True,0.0,24.18686400005754
53,text-card,TC-crop10-jpeg75,True,True,0.0,229.11266799974328
53,text-card,TC-resize75-jpeg60,True,True,0.0,9.748011999818118
54,text-card,ORIGINAL,True,True,0.0,19.499985000038578
54,text-card,T01-copy,True,True,0.0,20.877298999948835
54,text-card,T02-screenshot,True,True,0.0,32.9070929997215
54,text-card,T03-crop-10,True,True,0.0,281.5499760004059
54,text-card,T03-crop-20,True,True,0.02358490566037736,320.16160600005605
54,text-card,T03-resize-50,True,True,0.0,11.098217000380828
54,text-card,T03-resize-75,True,True,0.0,41.98350299975573
54,text-card,T03-rotate-3,True,True,0.0,499.14179699999295
54,text-card,T04-jpeg-60,True,True,0.0,13.678688000254624
54,text-card,T04-jpeg-75,True,True,0.0,14.040247000139061
54,text-card,T04-jpeg-95,True,True,0.0,15.129521999824647
54,text-card,T05-conversion,True,True,0.0,62.912089999827
54,text-card,TC-crop10-jpeg75,True,True,0.0,255.0598699999682
54,text-card,TC-resize75-jpeg60,True,True,0.0,32.26959199992052
55,text-card,ORIGINAL,True,True,0.0,15.163438999934442
55,text-card,T01-copy,True,True,0.0,13.657996000347339
55,text-card,T02-screenshot,True,True,0.0,23.670776000017213
55,text-card,T03-crop-10,True,True,0.0,130.86706100011725
55,text-card,T03-crop-20,True,True,0.0,176.34398700010934
55,text-card,T03-resize-50,True,True,0.0,8.42149399977643
55,text-card,T03-resize-75,True,True,0.0,28.545887999825936
55,text-card,T03-rotate-3,True,True,0.0,271.42527600017274
55,text-card,T04-jpeg-60,True,True,0.0,28.123609999965993
55,text-card,T04-jpeg-75,True,True,0.0,8.816363999812893
55,text-card,T04-jpeg-95,True,True,0.0,10.529788999974699
55,text-card,T05-conversion,True,True,0.0,14.279458000146406
55,text-card,TC-crop10-jpeg75,True,True,0.0,149.18355600002542
55,text-card,TC-resize75-jpeg60,True,True,0.0,6.660480999926222
56,text-card,ORIGINAL,True,True,0.0,45.521154000198294
56,text-card,T01-copy,True,True,0.0,21.85641999994914
56,text-card,T02-screenshot,True,True,0.0,32.855551000011474
56,text-card,T03-crop-10,True,True,0.0,253.44672199980778
56,text-card,T03-crop-20,True,True,0.014150943396226415,297.1172789998491
56,text-card,T03-resize-50,True,True,0.0,10.630732999743486
56,text-card,T03-resize-75,True,True,0.0,15.60344699964844
56,text-card,T03-rotate-3,True,True,0.0,474.3098399999326
56,text-card,T04-jpeg-60,True,True,0.0,28.253982000023825
56,text-card,T04-jpeg-75,True,True,0.0,48.628729000029125
56,text-card,T04-jpeg-95,True,True,0.0,29.521823999857588
56,text-card,T05-conversion,True,True,0.0,19.366488000287063
56,text-card,TC-crop10-jpeg75,True,True,0.0,204.86182099966754
56,text-card,TC-resize75-jpeg60,True,True,0.0,11.475144000087312
57,text-card,ORIGINAL,True,True,0.0,22.875459999795567
57,text-card,T01-copy,True,True,0.0,20.564762000049086
57,text-card,T02-screenshot,True,True,0.0,52.09486300009303
57,text-card,T03-crop-10,True,True,0.0,302.42019399975106
57,text-card,T03-crop-20,True,True,0.0,329.61171599981753
57,text-card,T03-resize-50,True,True,0.0,13.18436700012171
57,text-card,T03-resize-75,True,True,0.0,18.220276000192825
57,text-card,T03-rotate-3,True,True,0.0,453.03338999974585
57,text-card,T04-jpeg-60,True,True,0.0,14.172439000049053
57,text-card,T04-jpeg-75,True,True,0.0,14.494366000235459
57,text-card,T04-jpeg-95,True,True,0.0,24.001006999696983
57,text-card,T05-conversion,True,True,0.0,41.37379299982058
57,text-card,TC-crop10-jpeg75,True,True,0.0,294.19474699989223
57,text-card,TC-resize75-jpeg60,True,True,0.0,14.376927000284923
58,text-card,ORIGINAL,True,True,0.0,26.488390999929834
58,text-card,T01-copy,True,True,0.0,24.019785999826126
58,text-card,T02-screenshot,True,True,0.0,46.26855600008639
58,text-card,T03-crop-10,True,True,0.0,406.23741000035807
58,text-card,T03-crop-20,True,True,0.0,409.50018700004875
58,text-card,T03-resize-50,True,True,0.0,86.11666500019055
58,text-card,T03-resize-75,True,True,0.0,51.64105499989091
58,text-card,T03-rotate-3,True,True,0.0,432.35197100011646
58,text-card,T04-jpeg-60,True,True,0.0,11.850790999687888
58,text-card,T04-jpeg-75,True,True,0.0,20.120807000239438
58,text-card,T04-jpeg-95,True,True,0.0,28.254999999717256
58,text-card,T05-conversion,True,True,0.0,17.93643200016959
58,text-card,TC-crop10-jpeg75,True,True,0.0,255.82339399988996
58,text-card,TC-resize75-jpeg60,True,True,0.0,10.524291999900015
59,text-card,ORIGINAL,True,True,0.0,24.319402999935846
59,text-card,T01-copy,True,True,0.0,20.349562999854243
59,text-card,T02-screenshot,True,True,0.0,93.94103000022369
59,text-card,T03-crop-10,True,True,0.0,255.6138039999496
59,text-card,T03-crop-20,True,True,0.018867924528301886,257.1598769995944
59,text-card,T03-resize-50,True,True,0.0,11.185107000073913
59,text-card,T03-resize-75,True,True,0.0,17.582999000296695
59,text-card,T03-rotate-3,True,True,0.0,576.012430999981
59,text-card,T04-jpeg-60,True,True,0.0,13.958578999790916
59,text-card,T04-jpeg-75,True,True,0.0,13.811074999921402
59,text-card,T04-jpeg-95,True,True,0.0,15.258905999871786
59,text-card,T05-conversion,True,True,0.0,21.25322799975038
59,text-card,TC-crop10-jpeg75,True,True,0.0,174.3650900002649
59,text-card,TC-resize75-jpeg60,True,True,0.0,11.090245000104915
60,slide,ORIGINAL,True,True,0.0,39.52943900003447
60,slide,T01-copy,True,True,0.0,19.034612999803358
60,slide,T02-screenshot,True,True,0.0,46.335150000231806
60,slide,T03-crop-10,True,True,0.0,428.78644999973403
60,slide,T03-crop-20,True,True,0.0,253.80888000017876
60,slide,T03-resize-50,True,True,0.0,25.215914999989764
60,slide,T03-resize-75,True,True,0.0,68.8805439999669
60,slide,T03-rotate-3,True,True,0.0,555.223844000011
60,slide,T04-jpeg-60,True,True,0.0,15.89155200008463
60,slide,T04-jpeg-75,True,True,0.0,15.00660700003209
60,slide,T04-jpeg-95,True,True,0.0,14.942452000013873
60,slide,T05-conversion,True,True,0.0,20.578496999860363
60,slide,TC-crop10-jpeg75,True,True,0.0,340.38138000005347
60,slide,TC-resize75-jpeg60,True,True,0.0,10.393476999979612
61,slide,ORIGINAL,True,True,0.0,33.47202600025412
61,slide,T01-copy,True,True,0.0,12.322304000008444
61,slide,T02-screenshot,True,True,0.0,20.73934499958341
61,slide,T03-crop-10,True,True,0.0,180.4913639998631
61,slide,T03-crop-20,True,True,0.0,229.9664990000565
61,slide,T03-resize-50,True,True,0.0,7.0912549999775365
61,slide,T03-resize-75,True,True,0.0,11.238626999784174
61,slide,T03-rotate-3,True,True,0.0,280.38690000039423
61,slide,T04-jpeg-60,True,True,0.0,7.995266999841988
61,slide,T04-jpeg-75,True,True,0.0,8.039316000122199
61,slide,T04-jpeg-95,True,True,0.0,8.458874000098149
61,slide,T05-conversion,True,True,0.0,13.044557999819517
61,slide,TC-crop10-jpeg75,True,True,0.0,183.388812999965
61,slide,TC-resize75-jpeg60,True,True,0.014150943396226415,7.763401999909547
62,slide,ORIGINAL,True,True,0.0,23.434000999714044
62,slide,T01-copy,True,True,0.0,20.823851999921317
62,slide,T02-screenshot,True,True,0.0,61.76540799970098
62,slide,T03-crop-10,True,True,0.0,414.0315599997848
62,slide,T03-crop-20,True,True,0.0,508.88910699995904
62,slide,T03-resize-50,True,True,0.0,13.55978999981744
62,slide,T03-resize-75,True,True,0.0,17.41549500002293
62,slide,T03-rotate-3,True,True,0.0,499.7122490003676
62,slide,T04-jpeg-60,True,True,0.0,16.85716300016793
62,slide,T04-jpeg-75,True,True,0.0,31.7537649998485
62,slide,T04-jpeg-95,True,True,0.0,10.812947999966127
62,slide,T05-conversion,True,True,0.0,31.382426000163832
62,slide,TC-crop10-jpeg75,True,True,0.0,173.46199599978718
62,slide,TC-resize75-jpeg60,True,True,0.0047169811320754715,12.833979000333784
63,slide,ORIGINAL,True,True,0.0,45.87694799965902
63,slide,T01-copy,True,True,0.0,25.36869300001854
63,slide,T02-screenshot,True,True,0.0,62.93212799982939
63,slide,T03-crop-10,True,True,0.0,408.2581909997316
63,slide,T03-crop-20,True,True,0.0,429.0420389997962
63,slide,T03-resize-50,True,True,0.0,34.5450869999695
63,slide,T03-resize-75,True,True,0.0,18.758644000172353
63,slide,T03-rotate-3,True,True,0.0,564.8570960001962
63,slide,T04-jpeg-60,True,True,0.0,21.66654699976789
63,slide,T04-jpeg-75,True,True,0.0,20.618660999843996
63,slide,T04-jpeg-95,True,True,0.0,30.92285799993988
63,slide,T05-conversion,True,True,0.0,55.27972299978501
63,slide,TC-crop10-jpeg75,True,True,0.0,262.36331400014024
63,slide,TC-resize75-jpeg60,True,True,0.0047169811320754715,27.629521999642748
64,slide,ORIGINAL,True,True,0.0,23.920413000269036
64,slide,T01-copy,True,True,0.0,39.34489300036148
64,slide,T02-screenshot,True,True,0.0,35.75262499998644
64,slide,T03-crop-10,True,True,0.0,211.5256759998374
64,slide,T03-crop-20,True,True,0.009433962264150943,327.41482500023267
64,slide,T03-resize-50,True,True,0.0,11.714008999661019
64,slide,T03-resize-75,True,True,0.0,16.380029000174545
64,slide,T03-rotate-3,True,True,0.0,466.3146059997416
64,slide,T04-jpeg-60,True,True,0.0,28.726431999984925
64,slide,T04-jpeg-75,True,True,0.0,13.671495000380673
64,slide,T04-jpeg-95,True,True,0.0,14.203337000253669
64,slide,T05-conversion,True,True,0.0,53.92425299987735
64,slide,TC-crop10-jpeg75,True,True,0.0,163.63151999985348
64,slide,TC-resize75-jpeg60,True,True,0.0,22.951460000058432
65,slide,ORIGINAL,True,True,0.0,37.69028599981539
65,slide,T01-copy,True,True,0.0,13.44791500014253
65,slide,T02-screenshot,True,True,0.0,31.966979000117135
65,slide,T03-crop-10,True,True,0.0,213.82347200005825
65,slide,T03-crop-20,True,True,0.0,258.32221500013475
65,slide,T03-resize-50,True,True,0.0,8.769832999860228
65,slide,T03-resize-75,True,True,0.0,32.41265399992699
65,slide,T03-rotate-3,True,True,0.0,305.8799740001632
65,slide,T04-jpeg-60,True,True,0.0,8.79483100015932
65,slide,T04-jpeg-75,True,True,0.0,8.784287000253244
65,slide,T04-jpeg-95,True,True,0.0,10.094445000049745
65,slide,T05-conversion,True,True,0.0,16.76589500038972
65,slide,TC-crop10-jpeg75,True,True,0.0,205.5486109998128
65,slide,TC-resize75-jpeg60,True,True,0.0,6.745847000274807
66,slide,ORIGINAL,True,True,0.0,17.38332100012485
66,slide,T01-copy,True,True,0.0,39.780885000254784
66,slide,T02-screenshot,True,True,0.0,34.994547000223974
66,slide,T03-crop-10,True,True,0.0,177.91515999988405
66,slide,T03-crop-20,True,True,0.0,210.01358100011203
66,slide,T03-resize-50,True,True,0.0,11.144729000079678
66,slide,T03-resize-75,True,True,0.0,31.22342100004971
66,slide,T03-rotate-3,True,True,0.0,354.77761499987537
66,slide,T04-jpeg-60,True,True,0.0,11.862860999826808
66,slide,T04-jpeg-75,True,True,0.0,13.684382000064943
66,slide,T04-jpeg-95,True,True,0.0,14.302613999916503
66,slide,T05-conversion,True,True,0.0,17.504109000128665
66,slide,TC-crop10-jpeg75,True,True,0.0,154.4343730001856
66,slide,TC-resize75-jpeg60,True,True,0.0047169811320754715,11.913234000076045
67,slide,ORIGINAL,True,True,0.0,56.07159000010142
67,slide,T01-copy,True,True,0.0,64.03662299999269
67,slide,T02-screenshot,True,True,0.0,60.28807999973651
67,slide,T03-crop-10,True,True,0.0,365.7398589998593
67,slide,T03-crop-20,True,True,0.0,347.73005699980786
67,slide,T03-resize-50,True,True,0.0,13.459178999710275
67,slide,T03-resize-75,True,True,0.0,18.761759999961214
67,slide,T03-rotate-3,True,True,0.0,332.0419120000224
67,slide,T04-jpeg-60,True,True,0.0,9.317185999861977
67,slide,T04-jpeg-75,True,True,0.0,10.617507999995723
67,slide,T04-jpeg-95,True,True,0.0,14.104847999988124
67,slide,T05-conversion,True,True,0.0,19.341660999998567
67,slide,TC-crop10-jpeg75,True,True,0.0,225.48189200006163
67,slide,TC-resize75-jpeg60,True,True,0.0,8.544343000266963
68,slide,ORIGINAL,True,True,0.0,74.94071199971586
68,slide,T01-copy,True,True,0.0,72.15823199976512
68,slide,T02-screenshot,True,True,0.0,54.979028000161634
68,slide,T03-crop-10,True,True,0.0,501.9819369999823
68,slide,T03-crop-20,True,True,0.0,325.23453600015273
68,slide,T03-resize-50,True,True,0.0,16.68451699970319
68,slide,T03-resize-75,True,True,0.0,19.714623000254505
68,slide,T03-rotate-3,True,True,0.0,301.82423099995503
68,slide,T04-jpeg-60,True,True,0.0,11.642891000064992
68,slide,T04-jpeg-75,True,True,0.0,11.50059700012207
68,slide,T04-jpeg-95,True,True,0.0,13.421455999832688
68,slide,T05-conversion,True,True,0.0,18.106247000105213
68,slide,TC-crop10-jpeg75,True,True,0.0,174.78798100000859
68,slide,TC-resize75-jpeg60,True,True,0.0,10.438705000069604
69,slide,ORIGINAL,True,True,0.0,38.31391099993198
69,slide,T01-copy,True,True,0.0,67.28926200003116
69,slide,T02-screenshot,True,True,0.0,92.06238100023256
69,slide,T03-crop-10,True,True,0.0,243.5272719999375
69,slide,T03-crop-20,True,True,0.03773584905660377,227.4677469999915
69,slide,T03-resize-50,True,True,0.0,46.18224600017129
69,slide,T03-resize-75,True,True,0.0,32.3113370000101
69,slide,T03-rotate-3,True,True,0.0,190.07599299993672
69,slide,T04-jpeg-60,True,True,0.0,16.329634000157967
69,slide,T04-jpeg-75,True,True,0.0,32.88294000003589
69,slide,T04-jpeg-95,True,True,0.0,34.65691900009915
69,slide,T05-conversion,True,True,0.0,14.7896700000274
69,slide,TC-crop10-jpeg75,True,True,0.0,109.21240599964221
69,slide,TC-resize75-jpeg60,True,True,0.0,7.302476999939245
70,slide,ORIGINAL,True,True,0.0,35.54976900022666
70,slide,T01-copy,True,True,0.0,13.8597509999272
70,slide,T02-screenshot,True,True,0.0,24.94279299980917
70,slide,T03-crop-10,True,True,0.0,206.91767199969036
70,slide,T03-crop-20,True,True,0.0,268.022062
70,slide,T03-resize-50,True,True,0.0,8.167609999873093
70,slide,T03-resize-75,True,True,0.0,29.82105599994611
70,slide,T03-rotate-3,True,True,0.0,320.28429800038793
70,slide,T04-jpeg-60,True,True,0.0,8.700402000158647
70,slide,T04-jpeg-75,True,True,0.0,9.174856999834446
70,slide,T04-jpeg-95,True,True,0.0,33.15311699998347
70,slide,T05-conversion,True,True,0.0,14.61520400016525
70,slide,TC-crop10-jpeg75,True,True,0.0,179.38686200022858
70,slide,TC-resize75-jpeg60,True,True,0.0,6.723001999944245
71,slide,ORIGINAL,True,True,0.0,19.46862600016175
71,slide,T01-copy,True,True,0.0,37.289017000148306
71,slide,T02-screenshot,True,True,0.0,35.26931699980196
71,slide,T03-crop-10,True,True,0.0,264.9904320001042
71,slide,T03-crop-20,True,True,0.0,320.25672800000393
71,slide,T03-resize-50,True,True,0.0,10.921117000179947
71,slide,T03-resize-75,True,True,0.0,39.032337999742595
71,slide,T03-rotate-3,True,True,0.0,493.24642999999924
71,slide,T04-jpeg-60,True,True,0.0,13.221042999703059
71,slide,T04-jpeg-75,True,True,0.0,13.098419000016293
71,slide,T04-jpeg-95,True,True,0.0,13.532109000152559
71,slide,T05-conversion,True,True,0.0,20.543787999940832
71,slide,TC-crop10-jpeg75,True,True,0.0,296.73827699980393
71,slide,TC-resize75-jpeg60,True,True,0.0,10.732963000009477
72,slide,ORIGINAL,True,True,0.0,27.22442799995406
72,slide,T01-copy,True,True,0.0,66.09262600022703
72,slide,T02-screenshot,True,True,0.0,107.77055000016844
72,slide,T03-crop-10,True,True,0.0,408.6669329999495
72,slide,T03-crop-20,True,True,0.0,336.7980620000708
72,slide,T03-resize-50,True,True,0.0,13.205470999764657
72,slide,T03-resize-75,True,True,0.0,24.809834000279807
72,slide,T03-rotate-3,True,True,0.0,491.01548800035744
72,slide,T04-jpeg-60,True,True,0.0,9.2496439997376
72,slide,T04-jpeg-75,True,True,0.0,9.816371999932016
72,slide,T04-jpeg-95,True,True,0.0,10.579350999705639
72,slide,T05-conversion,True,True,0.0,15.439484000125958
72,slide,TC-crop10-jpeg75,True,True,0.0,151.56099100022402
72,slide,TC-resize75-jpeg60,True,True,0.0,8.819814999696973
73,slide,ORIGINAL,True,True,0.0,30.90575300029741
73,slide,T01-copy,True,True,0.0,34.44183800002065
73,slide,T02-screenshot,True,True,0.0,96.9980309996572
73,slide,T03-crop-10,True,True,0.0,402.49660800009224
73,slide,T03-crop-20,True,True,0.0,403.1351660000837
73,slide,T03-resize-50,True,True,0.0,36.05018600001131
73,slide,T03-resize-75,True,True,0.0,20.38083599973106
73,slide,T03-rotate-3,True,True,0.0,504.6155729996826
73,slide,T04-jpeg-60,True,True,0.0,17.849525999736215
73,slide,T04-jpeg-75,True,True,0.0,19.44334900008471
73,slide,T04-jpeg-95,True,True,0.0,20.308819000092626
73,slide,T05-conversion,True,True,0.0,26.840869999887218
73,slide,TC-crop10-jpeg75,True,True,0.0,243.43930800023372
73,slide,TC-resize75-jpeg60,True,True,0.0047169811320754715,10.067508999782149
74,slide,ORIGINAL,True,True,0.0,20.09643200017308
74,slide,T01-copy,True,True,0.0,38.901818999875104
74,slide,T02-screenshot,True,True,0.0,35.13460199974361
74,slide,T03-crop-10,True,True,0.0,292.6835029998074
74,slide,T03-crop-20,True,True,0.02830188679245283,346.27949200012154
74,slide,T03-resize-50,True,True,0.0,10.78084199980367
74,slide,T03-resize-75,True,True,0.0,41.507630000069184
74,slide,T03-rotate-3,True,True,0.0,526.9098690000646
74,slide,T04-jpeg-60,True,True,0.0,31.012976999591046
74,slide,T04-jpeg-75,True,True,0.0,16.200748000301246
74,slide,T04-jpeg-95,True,True,0.0,31.335306000073615
74,slide,T05-conversion,True,True,0.0,20.581240999945294
74,slide,TC-crop10-jpeg75,True,True,0.0,150.80128499994316
74,slide,TC-resize75-jpeg60,True,True,0.0047169811320754715,31.535475000055158
75,slide,ORIGINAL,True,True,0.0,20.435754000118322
75,slide,T01-copy,True,True,0.0,37.95343999991019
75,slide,T02-screenshot,True,True,0.0,38.14608099992256
75,slide,T03-crop-10,True,True,0.0,371.20058799973776
75,slide,T03-crop-20,True,True,0.0,419.21357100000023
75,slide,T03-resize-50,True,True,0.0,13.064142000075663
75,slide,T03-resize-75,True,True,0.0,35.5595859996356
75,slide,T03-rotate-3,True,True,0.0,677.4060779998763
75,slide,T04-jpeg-60,True,True,0.0,102.67173700003696
75,slide,T04-jpeg-75,True,True,0.0,22.17450500029372
75,slide,T04-jpeg-95,True,True,0.0,22.417574999963108
75,slide,T05-conversion,True,True,0.0,76.45918900016113
75,slide,TC-crop10-jpeg75,True,True,0.0,671.3848630001849
75,slide,TC-resize75-jpeg60,True,True,0.0,10.513921999972808
76,slide,ORIGINAL,True,True,0.0,18.634026999734488
76,slide,T01-copy,True,True,0.0,17.31206700014809
76,slide,T02-screenshot,True,True,0.0,55.585967999832064
76,slide,T03-crop-10,True,True,0.0,255.43811399984406
76,slide,T03-crop-20,True,True,0.0047169811320754715,428.6433370002669
76,slide,T03-resize-50,True,True,0.0,10.329148999971949
76,slide,T03-resize-75,True,True,0.0,14.431889000206866
76,slide,T03-rotate-3,True,True,0.0,447.9384289998052
76,slide,T04-jpeg-60,True,True,0.0,12.245990999872447
76,slide,T04-jpeg-75,True,True,0.0,12.634757000341779
76,slide,T04-jpeg-95,True,True,0.0,13.745951000146306
76,slide,T05-conversion,True,True,0.0,18.544388999998773
76,slide,TC-crop10-jpeg75,True,True,0.0,210.44694200008962
76,slide,TC-resize75-jpeg60,True,True,0.0,11.091907999798423
77,slide,ORIGINAL,True,True,0.0,22.874391000186733
77,slide,T01-copy,True,True,0.0,43.60254299990629
77,slide,T02-screenshot,True,True,0.0,40.088733000175125
77,slide,T03-crop-10,True,True,0.0,262.11444600039613
77,slide,T03-crop-20,True,True,0.0,300.74190200002704
77,slide,T03-resize-50,True,True,0.0,12.580098999933398
77,slide,T03-resize-75,True,True,0.0,17.48285699977714
77,slide,T03-rotate-3,True,True,0.0,453.89041599992197
77,slide,T04-jpeg-60,True,True,0.0,15.387830000236136
77,slide,T04-jpeg-75,True,True,0.0,15.86049700017611
77,slide,T04-jpeg-95,True,True,0.0,15.595081999890681
77,slide,T05-conversion,True,True,0.0,33.79583200012348
77,slide,TC-crop10-jpeg75,True,True,0.0,487.82882900013647
77,slide,TC-resize75-jpeg60,True,True,0.0047169811320754715,30.738387999917904
78,slide,ORIGINAL,True,True,0.0,73.65662099982728
78,slide,T01-copy,True,True,0.0,70.71875100018588
78,slide,T02-screenshot,True,True,0.0,96.05755600023258
78,slide,T03-crop-10,True,True,0.0,368.23177399992346
78,slide,T03-crop-20,True,True,0.0,485.3068819998043
78,slide,T03-resize-50,True,True,0.0,17.544620000080613
78,slide,T03-resize-75,True,True,0.0,67.8213669998513
78,slide,T03-rotate-3,True,True,0.0,876.6151760000866
78,slide,T04-jpeg-60,True,True,0.0,11.931227999866678
78,slide,T04-jpeg-75,True,True,0.0,11.498921999645972
78,slide,T04-jpeg-95,True,True,0.0,15.294084999823099
78,slide,T05-conversion,True,True,0.0,17.629509000016697
78,slide,TC-crop10-jpeg75,True,True,0.0,267.51921799996126
78,slide,TC-resize75-jpeg60,True,True,0.0,9.565253999880952
79,slide,ORIGINAL,True,True,0.0,13.832323000315228
79,slide,T01-copy,True,True,0.0,14.080716000080429
79,slide,T02-screenshot,True,True,0.0,40.681612999833305
79,slide,T03-crop-10,True,True,0.0,190.0213500002792
79,slide,T03-crop-20,True,True,0.018867924528301886,224.84845700000733
79,slide,T03-resize-50,True,True,0.0,7.554963000075077
79,slide,T03-resize-75,True,True,0.0,10.375455000030342
79,slide,T03-rotate-3,True,True,0.0,299.57776699984606
79,slide,T04-jpeg-60,True,True,0.0,8.45199000013963
79,slide,T04-jpeg-75,True,True,0.0,8.495872000366944
79,slide,T04-jpeg-95,True,True,0.0,9.052729999893927
79,slide,T05-conversion,True,True,0.0,14.803712000230007
79,slide,TC-crop10-jpeg75,True,True,0.0,228.2126509999216
79,slide,TC-resize75-jpeg60,True,True,0.0,15.249218999997538
80,low-texture,ORIGINAL,True,True,0.0,206.96054400013963
80,low-texture,T01-copy,True,True,0.0,29.217505999895366
80,low-texture,T02-screenshot,True,True,0.0,174.26342899989322
80,low-texture,T03-crop-10,True,True,0.0,476.8075370002407
80,low-texture,T03-crop-20,True,True,0.0,272.9580029999852
80,low-texture,T03-resize-50,True,True,0.0,14.302316999874165
80,low-texture,T03-resize-75,True,True,0.0,11.20452400027716
80,low-texture,T03-rotate-3,True,True,0.0,416.2633740002093
80,low-texture,T04-jpeg-60,True,True,0.0,49.08137099982923
80,low-texture,T04-jpeg-75,True,True,0.0,25.651782999830175
80,low-texture,T04-jpeg-95,True,True,0.0,21.150246000161133
80,low-texture,T05-conversion,True,True,0.0,14.008097999976599
80,low-texture,TC-crop10-jpeg75,True,True,0.0,233.19796699979634
80,low-texture,TC-resize75-jpeg60,True,True,0.0,7.1493310001642385
81,low-texture,ORIGINAL,True,True,0.0,14.094857000145566
81,low-texture,T01-copy,True,True,0.0,12.796353999874555
81,low-texture,T02-screenshot,True,True,0.0,22.08096899994416
81,low-texture,T03-crop-10,True,True,0.0,197.18637599999056
81,low-texture,T03-crop-20,True,True,0.0,190.4943149997962
81,low-texture,T03-resize-50,True,True,0.0,8.17210300010629
81,low-texture,T03-resize-75,True,True,0.0,10.359596999933274
81,low-texture,T03-rotate-3,True,True,0.0,297.41746599984253
81,low-texture,T04-jpeg-60,True,True,0.0,7.743776000097569
81,low-texture,T04-jpeg-75,True,True,0.0,7.684342000175093
81,low-texture,T04-jpeg-95,True,True,0.0,27.672316000007413
81,low-texture,T05-conversion,True,True,0.0,13.243147000139288
81,low-texture,TC-crop10-jpeg75,True,True,0.0,119.25797899993995
81,low-texture,TC-resize75-jpeg60,True,True,0.0,6.885297999815521
82,low-texture,ORIGINAL,True,True,0.0,24.456668999846443
82,low-texture,T01-copy,True,True,0.0,47.98897399996349
82,low-texture,T02-screenshot,True,True,0.0,41.540663999967364
82,low-texture,T03-crop-10,True,True,0.0,489.6259749998535
82,low-texture,T03-crop-20,True,True,0.0,379.23484199973245
82,low-texture,T03-resize-50,True,True,0.0,24.50118900014786
82,low-texture,T03-resize-75,True,True,0.0,33.602477999920666
82,low-texture,T03-rotate-3,True,True,0.0,512.1326270000282
82,low-texture,T04-jpeg-60,True,True,0.0,39.06491799989453
82,low-texture,T04-jpeg-75,True,True,0.0,23.25937600016914
82,low-texture,T04-jpeg-95,True,True,0.0,27.237401000093087
82,low-texture,T05-conversion,True,True,0.0,15.314301000216801
82,low-texture,TC-crop10-jpeg75,True,True,0.0,377.0546700002342
82,low-texture,TC-resize75-jpeg60,True,True,0.0,11.792331999913586
83,low-texture,ORIGINAL,True,True,0.0,151.97266499990292
83,low-texture,T01-copy,True,True,0.0,40.64793500037922
83,low-texture,T02-screenshot,True,True,0.0,187.0463230002315
83,low-texture,T03-crop-10,True,True,0.0,351.43185900005847
83,low-texture,T03-crop-20,True,True,0.0,295.19758499964155
83,low-texture,T03-resize-50,True,True,0.0,10.873862000153167
83,low-texture,T03-resize-75,True,True,0.0,13.155422999716393
83,low-texture,T03-rotate-3,True,True,0.0,395.6359909998355
83,low-texture,T04-jpeg-60,True,True,0.0,29.381609999745706
83,low-texture,T04-jpeg-75,True,True,0.0,43.52489299981244
83,low-texture,T04-jpeg-95,True,True,0.0,19.92013599965503
83,low-texture,T05-conversion,True,True,0.0,18.50960000001578
83,low-texture,TC-crop10-jpeg75,True,True,0.0,420.2442149999115
83,low-texture,TC-resize75-jpeg60,True,True,0.0,10.141531000044779
84,low-texture,ORIGINAL,True,True,0.0,20.616191000044637
84,low-texture,T01-copy,True,True,0.0,20.502343000316614
84,low-texture,T02-screenshot,True,True,0.0,62.944361999598186
84,low-texture,T03-crop-10,True,True,0.0,307.678795999891
84,low-texture,T03-crop-20,True,True,0.0,225.1183619996482
84,low-texture,T03-resize-50,True,True,0.0,29.228149999653397
84,low-texture,T03-resize-75,True,True,0.0,31.93911800008209
84,low-texture,T03-rotate-3,True,True,0.0,409.7391020000032
84,low-texture,T04-jpeg-60,True,True,0.0,13.930960999914532
84,low-texture,T04-jpeg-75,True,True,0.0,17.558460000145715
84,low-texture,T04-jpeg-95,True,True,0.0,15.35929399960878
84,low-texture,T05-conversion,True,True,0.0,20.928357999764557
84,low-texture,TC-crop10-jpeg75,True,True,0.0,189.51671600007103
84,low-texture,TC-resize75-jpeg60,True,True,0.0,11.86578799979543
85,low-texture,ORIGINAL,True,True,0.0,39.40842600013639
85,low-texture,T01-copy,True,True,0.0,19.722992999959388
85,low-texture,T02-screenshot,True,True,0.0,53.96916700010479
85,low-texture,T03-crop-10,True,True,0.0,295.90899799995896
85,low-texture,T03-crop-20,True,True,0.0,399.22560600007273
85,low-texture,T03-resize-50,True,True,0.0,14.681662999919354
85,low-texture,T03-resize-75,True,True,0.0,14.401742000245576
85,low-texture,T03-rotate-3,True,True,0.0,500.341448999734
85,low-texture,T04-jpeg-60,True,True,0.0,30.29615300010846
85,low-texture,T04-jpeg-75,True,True,0.0,16.47133100004794
85,low-texture,T04-jpeg-95,True,True,0.0,15.939405000153783
85,low-texture,T05-conversion,True,True,0.0,31.79022199992687
85,low-texture,TC-crop10-jpeg75,True,True,0.0,272.9505400002381
85,low-texture,TC-resize75-jpeg60,True,True,0.0,11.735371999748168
86,low-texture,ORIGINAL,True,True,0.0,20.07077300004312
86,low-texture,T01-copy,True,True,0.0,34.15059100007056
86,low-texture,T02-screenshot,True,True,0.0,91.91366099958032
86,low-texture,T03-crop-10,True,True,0.0,451.85674300000755
86,low-texture,T03-crop-20,True,True,0.0047169811320754715,549.3313469996792
86,low-texture,T03-resize-50,True,True,0.0,26.952302999688982
86,low-texture,T03-resize-75,True,True,0.0,16.240213999935804
86,low-texture,T03-rotate-3,True,True,0.0,441.07435100022485
86,low-texture,T04-jpeg-60,True,True,0.0,11.749322000014217
86,low-texture,T04-jpeg-75,True,True,0.0,11.957335000261082
86,low-texture,T04-jpeg-95,True,True,0.0,27.852355999584688
86,low-texture,T05-conversion,True,True,0.0,34.00542700001097
86,low-texture,TC-crop10-jpeg75,True,True,0.0,111.00475900002493
86,low-texture,TC-resize75-jpeg60,True,True,0.0,38.146794000113005
87,low-texture,ORIGINAL,True,True,0.0,52.91104199977781
87,low-texture,T01-copy,True,True,0.0,22.457703999862133
87,low-texture,T02-screenshot,True,True,0.0,60.08091300009255
87,low-texture,T03-crop-10,True,True,0.0,393.80883800004085
87,low-texture,T03-crop-20,True,True,0.0,402.50592499978666
87,low-texture,T03-resize-50,True,True,0.0,25.06729800006724
87,low-texture,T03-resize-75,True,True,0.0,64.95634399971095
87,low-texture,T03-rotate-3,True,True,0.0,458.35884000007354
87,low-texture,T04-jpeg-60,True,True,0.0,13.138916000116296
87,low-texture,T04-jpeg-75,True,True,0.0,40.25585199997295
87,low-texture,T04-jpeg-95,True,True,0.0,32.42087900025581
87,low-texture,T05-conversion,True,True,0.0,24.057291000190162
87,low-texture,TC-crop10-jpeg75,True,True,0.0,288.7805400000616
87,low-texture,TC-resize75-jpeg60,True,True,0.0,23.892348000117636
88,low-texture,ORIGINAL,True,True,0.0,17.39323100036927
88,low-texture,T01-copy,True,True,0.0,16.167221999694448
88,low-texture,T02-screenshot,True,True,0.0,29.33313299990914
88,low-texture,T03-crop-10,True,True,0.0,266.6757849997339
88,low-texture,T03-crop-20,True,True,0.0,287.98888800019995
88,low-texture,T03-resize-50,True,True,0.0,10.655698999926244
88,low-texture,T03-resize-75,True,True,0.0,12.646414999835542
88,low-texture,T03-rotate-3,True,True,0.0,370.2000550001685
88,low-texture,T04-jpeg-60,True,True,0.0,15.171332000136317
88,low-texture,T04-jpeg-75,True,True,0.0,51.185866000196256
88,low-texture,T04-jpeg-95,True,True,0.0,25.56347600011577
88,low-texture,T05-conversion,True,True,0.0,36.0455479999473
88,low-texture,TC-crop10-jpeg75,True,True,0.0,378.29457999987426
88,low-texture,TC-resize75-jpeg60,True,True,0.0,9.44485399986661
89,low-texture,ORIGINAL,True,True,0.0,22.721352000189654
89,low-texture,T01-copy,True,True,0.0,21.294410999871616
89,low-texture,T02-screenshot,True,True,0.0,34.37422199976936
89,low-texture,T03-crop-10,True,True,0.0,356.91680099989753
89,low-texture,T03-crop-20,True,True,0.0,309.48988500040286
89,low-texture,T03-resize-50,True,True,0.0,10.92184199978874
89,low-texture,T03-resize-75,True,True,0.0,33.92861999964225
89,low-texture,T03-rotate-3,True,True,0.0,428.7018739996711
89,low-texture,T04-jpeg-60,True,True,0.0,15.533022999989043
89,low-texture,T04-jpeg-75,True,True,0.0,13.243553999927826
89,low-texture,T04-jpeg-95,True,True,0.0,13.899146000312612
89,low-texture,T05-conversion,True,True,0.0,20.11961300013354
89,low-texture,TC-crop10-jpeg75,True,True,0.0,286.83232899993527
89,low-texture,TC-resize75-jpeg60,True,True,0.0,11.146281000037561
90,low-texture,ORIGINAL,True,True,0.0,20.033682999837765
90,low-texture,T01-copy,True,True,0.0,20.68770100004258
90,low-texture,T02-screenshot,True,True,0.0,74.12776099999974
90,low-texture,T03-crop-10,True,True,0.0,272.92753800020364
90,low-texture,T03-crop-20,True,True,0.0,493.5222189997148
90,low-texture,T03-resize-50,True,True,0.0,14.078435000101308
90,low-texture,T03-resize-75,True,True,0.0,22.678898999856756
90,low-texture,T03-rotate-3,True,True,0.0,569.5574650003437
90,low-texture,T04-jpeg-60,True,True,0.0,9.27880000017467
90,low-texture,T04-jpeg-75,True,True,0.0,12.131977000080951
90,low-texture,T04-jpeg-95,True,True,0.0,10.00934600006076
90,low-texture,T05-conversion,True,True,0.0,14.57765900022423
90,low-texture,TC-crop10-jpeg75,True,True,0.0,188.47641000002113
90,low-texture,TC-resize75-jpeg60,True,True,0.0,6.673940999917249
91,low-texture,ORIGINAL,True,True,0.0,17.544040999837307
91,low-texture,T01-copy,True,True,0.0,17.412529000012
91,low-texture,T02-screenshot,True,True,0.0,51.369052000154625
91,low-texture,T03-crop-10,True,True,0.0,269.1819729998315
91,low-texture,T03-crop-20,True,True,0.0,339.25533100000393
91,low-texture,T03-resize-50,True,True,0.0,11.145914999815432
91,low-texture,T03-resize-75,True,True,0.0,13.815959000112343
91,low-texture,T03-rotate-3,True,True,0.0,593.834687999788
91,low-texture,T04-jpeg-60,True,True,0.0,11.209672999939357
91,low-texture,T04-jpeg-75,True,True,0.0,13.026086000081705
91,low-texture,T04-jpeg-95,True,True,0.0,13.924413000040659
91,low-texture,T05-conversion,True,True,0.0,17.56667000017842
91,low-texture,TC-crop10-jpeg75,True,True,0.0,306.370576000063
91,low-texture,TC-resize75-jpeg60,True,True,0.0,11.278349999884085
92,low-texture,ORIGINAL,True,True,0.0,15.50842200003899
92,low-texture,T01-copy,True,True,0.0,14.607916000386467
92,low-texture,T02-screenshot,True,True,0.0,41.65572300007625
92,low-texture,T03-crop-10,True,True,0.0,235.1022660000126
92,low-texture,T03-crop-20,True,True,0.0,233.32807299993874
92,low-texture,T03-resize-50,True,True,0.0,8.542961999864929
92,low-texture,T03-resize-75,True,True,0.0,11.454855000010866
92,low-texture,T03-rotate-3,True,True,0.0,331.9364690000839
92,low-texture,T04-jpeg-60,True,True,0.0,9.314667000126065
92,low-texture,T04-jpeg-75,True,True,0.0,8.990927000013471
92,low-texture,T04-jpeg-95,True,True,0.0,10.264891000133503
92,low-texture,T05-conversion,True,True,0.0,44.518843999867386
92,low-texture,TC-crop10-jpeg75,True,True,0.0,244.0928780001741
92,low-texture,TC-resize75-jpeg60,True,True,0.0,25.3128019999167
93,low-texture,ORIGINAL,True,True,0.0,25.664055999641278
93,low-texture,T01-copy,True,True,0.0,53.053159000228334
93,low-texture,T02-screenshot,True,True,0.0,155.67545499970947
93,low-texture,T03-crop-10,True,True,0.0,425.97867599988604
93,low-texture,T03-crop-20,True,True,0.0,498.55248699986987
93,low-texture,T03-resize-50,True,True,0.0,37.35243299979629
93,low-texture,T03-resize-75,True,True,0.0,18.783253000037803
93,low-texture,T03-rotate-3,True,True,0.0,534.687713999574
93,low-texture,T04-jpeg-60,True,True,0.0,20.259204000012687
93,low-texture,T04-jpeg-75,True,True,0.0,37.56630599991695
93,low-texture,T04-jpeg-95,True,True,0.0,18.986576999850513
93,low-texture,T05-conversion,True,True,0.0,26.938789000269026
93,low-texture,TC-crop10-jpeg75,True,True,0.0,236.50213599967174
93,low-texture,TC-resize75-jpeg60,True,True,0.0,14.85473999991882
94,low-texture,ORIGINAL,True,True,0.0,40.066405000288796
94,low-texture,T01-copy,True,True,0.0,20.023322000270127
94,low-texture,T02-screenshot,True,True,0.0,33.593792999909056
94,low-texture,T03-crop-10,True,True,0.0,329.2499490003138
94,low-texture,T03-crop-20,True,True,0.0,400.91480299997784
94,low-texture,T03-resize-50,True,True,0.0,11.390472000130103
94,low-texture,T03-resize-75,True,True,0.0,20.617656000013085
94,low-texture,T03-rotate-3,True,True,0.0,519.5039269997324
94,low-texture,T04-jpeg-60,True,True,0.0,12.714069999674393
94,low-texture,T04-jpeg-75,True,True,0.0,13.585847000285867
94,low-texture,T04-jpeg-95,True,True,0.0,14.451259999987087
94,low-texture,T05-conversion,True,True,0.0,20.5477519998567
94,low-texture,TC-crop10-jpeg75,True,True,0.0,243.03136199978326
94,low-texture,TC-resize75-jpeg60,True,True,0.0,30.929418000141595
95,low-texture,ORIGINAL,True,True,0.0,20.620741000129783
95,low-texture,T01-copy,True,True,0.0,40.20913699969242
95,low-texture,T02-screenshot,True,True,0.0,60.37129799960894
95,low-texture,T03-crop-10,True,True,0.0,359.40525199976037
95,low-texture,T03-crop-20,True,True,0.0,304.5326669998758
95,low-texture,T03-resize-50,True,True,0.0,36.42186299975947
95,low-texture,T03-resize-75,True,True,0.0,26.354514000104245
95,low-texture,T03-rotate-3,True,True,0.0,620.6580960001702
95,low-texture,T04-jpeg-60,True,True,0.0,14.585844000066572
95,low-texture,T04-jpeg-75,True,True,0.0,18.44748899975457
95,low-texture,T04-jpeg-95,True,True,0.0,416.5430749999359
95,low-texture,T05-conversion,True,True,0.0,38.63704200011853
95,low-texture,TC-crop10-jpeg75,True,True,0.0,220.23299500006033
95,low-texture,TC-resize75-jpeg60,True,True,0.0,10.232339999674878
96,low-texture,ORIGINAL,True,True,0.0,15.28597600008652
96,low-texture,T01-copy,True,True,0.0,12.414402000104019
96,low-texture,T02-screenshot,True,True,0.0,20.249262000106683
96,low-texture,T03-crop-10,True,True,0.0,187.0807989998866
96,low-texture,T03-crop-20,True,True,0.0,218.5047900002246
96,low-texture,T03-resize-50,True,True,0.0,7.4086550002903095
96,low-texture,T03-resize-75,True,True,0.0,10.158889999729581
96,low-texture,T03-rotate-3,True,True,0.0,306.1712019998595
96,low-texture,T04-jpeg-60,True,True,0.0,7.616328000040085
96,low-texture,T04-jpeg-75,True,True,0.0,7.58115300004647
96,low-texture,T04-jpeg-95,True,True,0.0,8.889051000096515
96,low-texture,T05-conversion,True,True,0.0,27.959024000210775
96,low-texture,TC-crop10-jpeg75,True,True,0.0,188.52539899990006
96,low-texture,TC-resize75-jpeg60,True,True,0.0,7.384227999864379
97,low-texture,ORIGINAL,True,True,0.0,20.8289679999325
97,low-texture,T01-copy,True,True,0.0,20.45638500021596
97,low-texture,T02-screenshot,True,True,0.0,55.29918199999884
97,low-texture,T03-crop-10,True,True,0.0,247.39326700000674
97,low-texture,T03-crop-20,True,True,0.0,304.52408400014974
97,low-texture,T03-resize-50,True,True,0.0,32.0187629999964
97,low-texture,T03-resize-75,True,True,0.0,17.562123999596224
97,low-texture,T03-rotate-3,True,True,0.0,464.33000600018204
97,low-texture,T04-jpeg-60,True,True,0.0,18.191981999734708
97,low-texture,T04-jpeg-75,True,True,0.0,25.620882000112033
97,low-texture,T04-jpeg-95,True,True,0.0,65.12440799997421
97,low-texture,T05-conversion,True,True,0.0,22.513343999889912
97,low-texture,TC-crop10-jpeg75,True,True,0.0,332.73927200025355
97,low-texture,TC-resize75-jpeg60,True,True,0.0,38.76678300002823
98,low-texture,ORIGINAL,True,True,0.0,25.8266740002
98,low-texture,T01-copy,True,True,0.0,43.84228600019924
98,low-texture,T02-screenshot,True,True,0.0,67.57403799974782
98,low-texture,T03-crop-10,True,True,0.0,517.9252719999567
98,low-texture,T03-crop-20,True,True,0.0,550.9581599999365
98,low-texture,T03-resize-50,True,True,0.0,80.85414800007129
98,low-texture,T03-resize-75,True,True,0.0,17.67178399995828
98,low-texture,T03-rotate-3,True,True,0.0,1117.8703410000708
98,low-texture,T04-jpeg-60,True,True,0.0,23.608197000157816
98,low-texture,T04-jpeg-75,True,True,0.0,24.761927999861655
98,low-texture,T04-jpeg-95,True,True,0.0,14.598046999708458
98,low-texture,T05-conversion,True,True,0.0,49.186249999820575
98,low-texture,TC-crop10-jpeg75,True,True,0.0,256.9732639999529
98,low-texture,TC-resize75-jpeg60,True,True,0.0,14.54061599997658
99,low-texture,ORIGINAL,True,True,0.0,20.168755000213423
99,low-texture,T01-copy,True,True,0.0,18.795829999817215
99,low-texture,T02-screenshot,True,True,0.0,57.98708500014982
99,low-texture,T03-crop-10,True,True,0.0,261.9315289998667
99,low-texture,T03-crop-20,True,True,0.0,322.077328999967
99,low-texture,T03-resize-50,True,True,0.0,11.472761999812064
99,low-texture,T03-resize-75,True,True,0.0,15.352568000253086
99,low-texture,T03-rotate-3,True,True,0.0,470.50025599992296
99,low-texture,T04-jpeg-60,True,True,0.0,19.01024900007542
99,low-texture,T04-jpeg-75,True,True,0.0,42.183776999991096
99,low-texture,T04-jpeg-95,True,True,0.0,72.55179399999179
99,low-texture,T05-conversion,True,True,0.0,37.48397500021383
99,low-texture,TC-crop10-jpeg75,True,True,0.0,515.7816870000715
99,low-texture,TC-resize75-jpeg60,True,True,0.0,12.750084999879618
